Ranking,ESPN,James,ELO,bWAR,fWAR,WoC,Geoff,A. Calderon,AHoward,Al Brooke,Alan Clements,AlanR,AlexP,Andrew W.,AndyL,B Lanpher,Benjamin,Bergstein,Bill Ivimey,Bob McNamara,BobBurpee,BobDD,Brad Harris,Brian Schwartz,Chad,ChewbaccaMax,CJF,ClashFan,DaisukeNakai,Daniel Prenat,DanielF,DanMac,Dave Bristol,DaveinSLO,DavePittman,David Cohen,DavidPerez,David Tice,DB,DeSimone,DG,DickAllen,DJ Cavalier,DM,Dominic Thoemke,DRE,Dvorak1841,EJM,Erich S.,Esposito,fivetwentyone,Garrett,George,George2Pizza,GoSport474,Greg D.,Grisolano,Invitro,JakeB,JayMust,JBrandt,JDK,JeffRussell,JerodL,JimC,John Budd,Johnny,JonRichardson,Keith Reise,Kelly M.,Kenny P.,KentM,Kevin McElroy,KevTol,Lanoue,LargeBill68,MarkR,MiGross76,Mike Battoglia,Mike Pakenham,MikeD,NathanHH,Owen Ranger,Patrick Hogue,Rafael Bellylard,Ray Baculi,RedSoxWoo,Rich Polikoff,RichieW13,Rickards_Wes,Roberto,RobGordon,Rob Nagel,RonH,Ryan A.,RyanMorgan,Sam C.,Scott Johnson,ScottJohnson2930,Sean T.,Simon,Southside,Stuart,Tallia,ThaddeusMcMonster,TomGilbert,Tyler W.,TySellers,UCCF,Uncle Willy,WAR Room,Which Hunt,Zack G.
1,Babe Ruth,Babe Ruth,Walter Johnson,Babe Ruth,Babe Ruth,Babe Ruth,Babe Ruth,Babe Ruth,Willie Mays,Barry Bonds,Babe Ruth,Babe Ruth,Babe Ruth,Babe Ruth,Babe Ruth,Babe Ruth,Babe Ruth,Babe Ruth,Babe Ruth,Babe Ruth,Babe Ruth,Babe Ruth,Babe Ruth,Babe Ruth,Babe Ruth,Babe Ruth,Willie Mays,Babe Ruth,Babe Ruth,Willie Mays,Babe Ruth,Babe Ruth,Babe Ruth,Babe Ruth,Babe Ruth,Babe Ruth,Babe Ruth,Babe Ruth,Babe Ruth,Babe Ruth,Babe Ruth,Babe Ruth,Babe Ruth,Babe Ruth,Babe Ruth,Babe Ruth,Babe Ruth,Babe Ruth,Willie Mays,Babe Ruth,Willie Mays,Babe Ruth,Babe Ruth,Babe Ruth,Babe Ruth,Willie Mays,Barry Bonds,Babe Ruth,Babe Ruth,Barry Bonds,Babe Ruth,Babe Ruth,Babe Ruth,Babe Ruth,Babe Ruth,Babe Ruth,Babe Ruth,Babe Ruth,Babe Ruth,Babe Ruth,Babe Ruth,Babe Ruth,Babe Ruth,Casey,Babe Ruth,Babe Ruth,Babe Ruth,Babe Ruth,Willie Mays,Willie Mays,Babe Ruth,Babe Ruth,Babe Ruth,Babe Ruth,Babe Ruth,Babe Ruth,Babe Ruth,Babe Ruth,Babe Ruth,Babe Ruth,Babe Ruth,Babe Ruth,Babe Ruth,Babe Ruth,Babe Ruth,Babe Ruth,Babe Ruth,Willie Mays,Babe Ruth,Babe Ruth,Babe Ruth,Babe Ruth,Babe Ruth,Babe Ruth,Babe Ruth,Babe Ruth,Babe Ruth,Babe Ruth,Babe Ruth,Babe Ruth,Babe Ruth,Babe Ruth,Babe Ruth
2,Willie Mays,Honus Wagner,Babe Ruth,Cy Young,Barry Bonds,Willie Mays,Willie Mays,Willie Mays,Babe Ruth,Ted Williams,Willie Mays,Barry Bonds,Willie Mays,Willie Mays,Willie Mays,Willie Mays,Barry Bonds,Willie Mays,Willie Mays,Willie Mays,Ted Williams,Willie Mays,Willie Mays,Barry Bonds,Willie Mays,Willie Mays,Babe Ruth,Willie Mays,Barry Bonds,Babe Ruth,Willie Mays,Barry Bonds,Barry Bonds,Willie Mays,Willie Mays,Willie Mays,Willie Mays,Walter Johnson,Willie Mays,Willie Mays,Ted Williams,Willie Mays,Oscar Charleston,Willie Mays,Willie Mays,Willie Mays,Willie Mays,Willie Mays,Barry Bonds,Willie Mays,Babe Ruth,Willie Mays,Willie Mays,Willie Mays,Willie Mays,Babe Ruth,Babe Ruth,Willie Mays,Willie Mays,Babe Ruth,Honus Wagner,Willie Mays,Oscar Charleston,Willie Mays,Barry Bonds,Willie Mays,Willie Mays,Willie Mays,Barry Bonds,Honus Wagner,Barry Bonds,Barry Bonds,Willie Mays,Babe Ruth,Willie Mays,Barry Bonds,Willie Mays,Barry Bonds,Babe Ruth,Babe Ruth,Barry Bonds,Hank Aaron,Barry Bonds,Willie Mays,Barry Bonds,Barry Bonds,Willie Mays,Willie Mays,Willie Mays,Willie Mays,Willie Mays,Ty Cobb,Lou Gehrig,Willie Mays,Willie Mays,Willie Mays,Willie Mays,Babe Ruth,Willie Mays,Honus Wagner,Willie Mays,Barry Bonds,Honus Wagner,Willie Mays,Willie Mays,Barry Bonds,Barry Bonds,Walter Johnson,Willie Mays,Willie Mays,Walter Johnson,Willie Mays,Willie Mays
3,Barry Bonds,Willie Mays,Cy Young,Walter Johnson,Willie Mays,Barry Bonds,Honus Wagner,Barry Bonds,Hank Aaron,Babe Ruth,Barry Bonds,Willie Mays,Barry Bonds,Satchel Paige,Barry Bonds,Hank Aaron,Ty Cobb,Barry Bonds,Barry Bonds,Barry Bonds,Willie Mays,Barry Bonds,Barry Bonds,Willie Mays,Barry Bonds,Walter Johnson,Walter Johnson,Barry Bonds,Willie Mays,Barry Bonds,Barry Bonds,Willie Mays,Roger Clemens,Hank Aaron,Barry Bonds,Barry Bonds,Walter Johnson,Josh Gibson,Ty Cobb,Hank Aaron,Willie Mays,Barry Bonds,Honus Wagner,Honus Wagner,Cy Young,Barry Bonds,Walter Johnson,Ted Williams,Babe Ruth,Ted Williams,Ted Williams,Ted Williams,Barry Bonds,Ted Williams,Barry Bonds,Hank Aaron,Joe Morgan,Barry Bonds,Barry Bonds,Cy Young,Walter Johnson,Ted Williams,Willie Mays,Barry Bonds,Willie Mays,Hank Aaron,Barry Bonds,Hank Aaron,Willie Mays,Willie Mays,Willie Mays,Honus Wagner,Hank Aaron,Willie Mays,Oscar Charleston,Willie Mays,Ted Williams,Willie Mays,Oscar Charleston,Ty Cobb,Oscar Charleston,Barry Bonds,Willie Mays,Ted Williams,Josh Gibson,Honus Wagner,Hank Aaron,Walter Johnson,Ted Williams,Ted Williams,Ted Williams,Walter Johnson,Ted Williams,Walter Johnson,Walter Johnson,Barry Bonds,Barry Bonds,Ty Cobb,Ty Cobb,Willie Mays,Barry Bonds,Willie Mays,Walter Johnson,Hank Aaron,Honus Wagner,Willie Mays,Willie Mays,Willie Mays,Hank Aaron,Josh Gibson,Willie Mays,Barry Bonds,Barry Bonds
4,Ted Williams,Oscar Charleston,Christy Mathewson,Barry Bonds,Ty Cobb,Ty Cobb,Barry Bonds,Ted Williams,Barry Bonds,Walter Johnson,Hank Aaron,Roger Clemens,Ty Cobb,Barry Bonds,Ted Williams,Walter Johnson,Roger Clemens,Ty Cobb,Honus Wagner,Ted Williams,Barry Bonds,Josh Gibson,Ty Cobb,Hank Aaron,Walter Johnson,Barry Bonds,Honus Wagner,Ty Cobb,Cy Young,Ted Williams,Ted Williams,Ted Williams,Willie Mays,Ted Williams,Ted Williams,Ty Cobb,Cy Young,Satchel Paige,Walter Johnson,Ted Williams,Barry Bonds,Ted Williams,Ty Cobb,Barry Bonds,Barry Bonds,Oscar Charleston,Ty Cobb,Barry Bonds,Walter Johnson,Hank Aaron,Barry Bonds,Barry Bonds,Ted Williams,Barry Bonds,Hank Aaron,Walter Johnson,Willie Mays,Ted Williams,Ty Cobb,Willie Mays,Willie Mays,Ty Cobb,Barry Bonds,Honus Wagner,Ted Williams,Barry Bonds,Ty Cobb,Barry Bonds,Ted Williams,Lou Gehrig,Roger Clemens,Willie Mays,Barry Bonds,Barry Bonds,Honus Wagner,Walter Johnson,Barry Bonds,Ted Williams,Barry Bonds,Walter Johnson,Walter Johnson,Willie Mays,Cy Young,Barry Bonds,Ty Cobb,Josh Gibson,Oscar Charleston,Hank Aaron,Barry Bonds,Ty Cobb,Honus Wagner,Barry Bonds,Hank Aaron,Hank Aaron,Ty Cobb,Walter Johnson,Hank Aaron,Stan Musial,Stan Musial,Walter Johnson,Ted Williams,Hank Aaron,Barry Bonds,Honus Wagner,Walter Johnson,Ted Williams,Cy Young,Cy Young,Josh Gibson,Barry Bonds,Josh Gibson,Ty Cobb,Ty Cobb
5,Hank Aaron,Ty Cobb,Greg Maddux,Willie Mays,Roger Clemens,Ted Williams,Ty Cobb,Ty Cobb,Ted Williams,Roger Clemens,Walter Johnson,Ty Cobb,Ted Williams,Walter Johnson,Ty Cobb,Barry Bonds,Rogers Hornsby,Honus Wagner,Ted Williams,Hank Aaron,Satchel Paige,Ted Williams,Walter Johnson,Walter Johnson,Ty Cobb,Ty Cobb,Cy Young,Cy Young,Oscar Charleston,Mickey Mantle,Oscar Charleston,Tris Speaker,Walter Johnson,Walter Johnson,Ty Cobb,Honus Wagner,Ty Cobb,Willie Mays,Ted Williams,Ty Cobb,Lou Gehrig,Oscar Charleston,Willie Mays,Ty Cobb,Walter Johnson,Hank Aaron,Barry Bonds,Hank Aaron,Cy Young,Ty Cobb,Walter Johnson,Walter Johnson,Josh Gibson,Hank Aaron,Ty Cobb,Ted Williams,Ted Williams,Ty Cobb,Cy Young,Ty Cobb,Barry Bonds,Hank Aaron,Ted Williams,Oscar Charleston,Ty Cobb,Josh Gibson,Hank Aaron,Ty Cobb,Hank Aaron,Walter Johnson,Ted Williams,Ty Cobb,Ty Cobb,Stan Musial,Ted Williams,Ty Cobb,Walter Johnson,Walter Johnson,Tom Seaver,Ted Williams,Willie Mays,Ty Cobb,Greg Maddux,Walter Johnson,Ted Williams,Willie Mays,Ted Williams,Ty Cobb,Honus Wagner,Hank Aaron,Ty Cobb,Willie Mays,Stan Musial,Josh Gibson,Ted Williams,Ty Cobb,Ty Cobb,Hank Aaron,Barry Bonds,Hank Aaron,Oscar Charleston,Cy Young,Ted Williams,Walter Johnson,Barry Bonds,Mickey Mantle,Ty Cobb,Ty Cobb,Barry Bonds,Mickey Mantle,Ty Cobb,Honus Wagner,Walter Johnson
6,Ty Cobb,Mickey Mantle,Lefty Grove,Ty Cobb,Honus Wagner,Walter Johnson,Ted Williams,Hank Aaron,Josh Gibson,Pedro Martinez,Ted Williams,Oscar Charleston,Walter Johnson,Oscar Charleston,Hank Aaron,Josh Gibson,Walter Johnson,Ted Williams,Ty Cobb,Honus Wagner,Walter Johnson,Roger Clemens,Honus Wagner,Honus Wagner,Ted Williams,Hank Aaron,Hank Aaron,Walter Johnson,Ty Cobb,Hank Aaron,Cy Young,Ty Cobb,Hank Aaron,Greg Maddux,Hank Aaron,Josh Gibson,Hank Aaron,Honus Wagner,Hank Aaron,Walter Johnson,Hank Aaron,Hank Aaron,Josh Gibson,Mickey Mantle,Ted Williams,Ted Williams,Rogers Hornsby,Stan Musial,Ty Cobb,Stan Musial,Cy Young,Ty Cobb,Oscar Charleston,Ty Cobb,Roger Clemens,Rogers Hornsby,Hank Aaron,Honus Wagner,Stan Musial,Roger Clemens,Josh Gibson,Honus Wagner,Honus Wagner,Ted Williams,Roger Clemens,Walter Johnson,Ted Williams,Honus Wagner,Ty Cobb,Hank Aaron,Satchel Paige,Walter Johnson,Roger Clemens,Hank Aaron,Barry Bonds,Honus Wagner,Ty Cobb,Roger Clemens,Hank Aaron,Lefty Grove,Satchel Paige,Walter Johnson,Hank Aaron,Ty Cobb,Lou Gehrig,Ty Cobb,Ty Cobb,Barry Bonds,Ty Cobb,Joe DiMaggio,Walter Johnson,Hank Aaron,Joe DiMaggio,Ty Cobb,Hank Aaron,Ted Williams,Ted Williams,Ted Williams,Greg Maddux,Lou Gehrig,Honus Wagner,Roger Clemens,Willie Mays,Barry Bonds,Ty Cobb,Hank Aaron,Walter Johnson,Oscar Charleston,Walter Johnson,Honus Wagner,Ted Williams,Tris Speaker,Hank Aaron
7,Roger Clemens,Ted Williams,Tom Seaver,Hank Aaron,Hank Aaron,Hank Aaron,Walter Johnson,Stan Musial,Walter Johnson,Sandy Koufax,Greg Maddux,Ted Williams,Hank Aaron,Ty Cobb,Honus Wagner,Ty Cobb,Greg Maddux,Hank Aaron,Walter Johnson,Stan Musial,Honus Wagner,Ty Cobb,Ted Williams,Tris Speaker,Honus Wagner,Lou Gehrig,Ty Cobb,Roger Clemens,Walter Johnson,Roger Clemens,Hank Aaron,Hank Aaron,Ted Williams,Ty Cobb,Walter Johnson,Walter Johnson,Ted Williams,Stan Musial,Oscar Charleston,Josh Gibson,Greg Maddux,Ty Cobb,Mickey Mantle,Oscar Charleston,Ty Cobb,Ty Cobb,Ted Williams,Oscar Charleston,Roger Clemens,Walter Johnson,Stan Musial,Hank Aaron,Roger Clemens,Roger Clemens,Ted Williams,Cy Young,Greg Maddux,Hank Aaron,Walter Johnson,Hank Aaron,Ty Cobb,Walter Johnson,Walter Johnson,Mickey Mantle,Mickey Mantle,Ted Williams,Stan Musial,Ted Williams,Lou Gehrig,Lefty Grove,Greg Maddux,Lou Gehrig,Josh Gibson,Honus Wagner,Walter Johnson,Oscar Charleston,Lefty Grove,Ty Cobb,Roger Clemens,Hank Aaron,Ty Cobb,Honus Wagner,Ty Cobb,Honus Wagner,Honus Wagner,Stan Musial,Honus Wagner,Honus Wagner,Hank Aaron,Mickey Mantle,Hank Aaron,Ted Williams,Ty Cobb,Ted Williams,Stan Musial,Cy Young,Mickey Mantle,Honus Wagner,Honus Wagner,Ty Cobb,Ty Cobb,Walter Johnson,Satchel Paige,Greg Maddux,Stan Musial,Ty Cobb,Roger Clemens,Ted Williams,Ted Williams,Stan Musial,Stan Musial,Stan Musial,Ted Williams
8,Stan Musial,Walter Johnson,Willie Mays,Roger Clemens,Cy Young,Honus Wagner,Oscar Charleston,Greg Maddux,Greg Maddux,Willie Mays,Honus Wagner,Alex Rodriguez,Honus Wagner,Hank Aaron,Stan Musial,Stan Musial,Stan Musial,Walter Johnson,Hank Aaron,Ty Cobb,Ty Cobb,Walter Johnson,Oscar Charleston,Stan Musial,Oscar Charleston,Roger Clemens,Ted Williams,Hank Aaron,Ted Williams,Oscar Charleston,Ty Cobb,Stan Musial,Josh Gibson,Barry Bonds,Oscar Charleston,Hank Aaron,Barry Bonds,Hank Aaron,Barry Bonds,Barry Bonds,Ty Cobb,Honus Wagner,Ted Williams,Ted Williams,Hank Aaron,Stan Musial,Hank Aaron,Josh Gibson,Hank Aaron,Barry Bonds,Hank Aaron,Stan Musial,Walter Johnson,Walter Johnson,Satchel Paige,Oscar Charleston,Tom Seaver,Oscar Charleston,Roger Clemens,Christy Mathewson,Ted Williams,Lou Gehrig,Satchel Paige,Ty Cobb,Stan Musial,Stan Musial,Honus Wagner,Stan Musial,Walter Johnson,Ted Williams,Stan Musial,Rogers Hornsby,Ted Williams,Oscar Charleston,Josh Gibson,Ted Williams,Oscar Charleston,Rogers Hornsby,Ted Williams,Satchel Paige,Hank Aaron,Ted Williams,Roger Clemens,Mickey Mantle,Willie Mays,Ted Williams,Lou Gehrig,Lefty Grove,Stan Musial,Cy Young,Stan Musial,Honus Wagner,Willie Mays,Barry Bonds,Cy Young,Honus Wagner,Stan Musial,Mickey Mantle,Cy Young,Greg Maddux,Roger Clemens,Stan Musial,Roger Clemens,Stan Musial,Ted Williams,Honus Wagner,Hank Aaron,Hank Aaron,Roger Clemens,Ted Williams,Honus Wagner,Walter Johnson,Honus Wagner
9,Mickey Mantle,Josh Gibson,Ted Williams,Tris Speaker,Tris Speaker,Stan Musial,Mickey Mantle,Honus Wagner,Stan Musial,Bob Gibson,Ty Cobb,Hank Aaron,Roger Clemens,Ted Williams,Lou Gehrig,Cy Young,Honus Wagner,Roger Clemens,Stan Musial,Lou Gehrig,Hank Aaron,Lefty Grove,Roger Clemens,Cy Young,Roger Clemens,Honus Wagner,Tom Seaver,Honus Wagner,Satchel Paige,Ty Cobb,Walter Johnson,Jackie Robinson,Ty Cobb,Honus Wagner,Satchel Paige,Satchel Paige,Roger Clemens,Barry Bonds,Rogers Hornsby,Satchel Paige,Joe DiMaggio,Walter Johnson,Joe DiMaggio,Josh Gibson,Tris Speaker,Honus Wagner,Honus Wagner,Walter Johnson,Honus Wagner,Cy Young,Ty Cobb,Honus Wagner,Ty Cobb,Lou Gehrig,Honus Wagner,Barry Bonds,Ty Cobb,Stan Musial,Hank Aaron,Rickey Henderson,Roger Clemens,Stan Musial,Ty Cobb,Stan Musial,Hank Aaron,Honus Wagner,Rogers Hornsby,Walter Johnson,Randy Johnson,Ty Cobb,Tris Speaker,Joe DiMaggio,Honus Wagner,Ty Cobb,Ty Cobb,Mickey Mantle,Honus Wagner,Oscar Charleston,Ty Cobb,Honus Wagner,Roger Clemens,Lou Gehrig,Lefty Grove,Lou Gehrig,Walter Johnson,Walter Johnson,Satchel Paige,Ted Williams,Lou Gehrig,Lou Gehrig,Lou Gehrig,Cy Young,Rogers Hornsby,Cy Young,Christy Mathewson,Hank Aaron,Lou Gehrig,Barry Bonds,Walter Johnson,Ted Williams,Hank Aaron,Ted Williams,Hank Aaron,Ty Cobb,Josh Gibson,Walter Johnson,Honus Wagner,Lou Gehrig,Cy Young,Oscar Charleston,Lefty Grove,Ted Williams,Oscar Charleston
10,Honus Wagner,Stan Musial,Pete Alexander,Honus Wagner,Ted Williams,Lou Gehrig,Stan Musial,Rogers Hornsby,Roger Clemens,Hank Aaron,Roger Clemens,Mike Schmidt,Oscar Charleston,Honus Wagner,Mickey Mantle,Lou Gehrig,Ted Williams,Oscar Charleston,Lou Gehrig,Oscar Charleston,Josh Gibson,Honus Wagner,Stan Musial,Josh Gibson,Hank Aaron,Duane Kuiper,Stan Musial,Stan Musial,Roger Clemens,Stan Musial,Honus Wagner,Lou Gehrig,Stan Musial,Satchel Paige,Cy Young,Roger Clemens,Lou Gehrig,Cy Young,Cy Young,Rogers Hornsby,Stan Musial,Stan Musial,Stan Musial,Walter Johnson,Honus Wagner,Walter Johnson,Roger Clemens,Ty Cobb,Ted Williams,Lou Gehrig,Lou Gehrig,Oscar Charleston,Rogers Hornsby,Stan Musial,Walter Johnson,Stan Musial,Pete Rose,Mickey Mantle,Satchel Paige,Greg Maddux,Stan Musial,Josh Gibson,Tris Speaker,Walter Johnson,Oscar Charleston,Greg Maddux,Roger Clemens,Roger Clemens,Satchel Paige,Stan Musial,Rogers Hornsby,Ted Williams,Oscar Charleston,Satchel Paige,Stan Musial,Hank Aaron,Roger Clemens,Cy Young,Lefty Grove,Stan Musial,Josh Gibson,Greg Maddux,Stan Musial,Hank Aaron,Hank Aaron,Hank Aaron,Stan Musial,Joe DiMaggio,Tris Speaker,Barry Bonds,Josh Gibson,Stan Musial,Honus Wagner,Stan Musial,Honus Wagner,Jackie Robinson,Roger Clemens,Greg Maddux,Hank Aaron,Barry Bonds,Walter Johnson,Ty Cobb,Cy Young,Ted Williams,Hank Aaron,Roger Clemens,Tris Speaker,Pete Alexander,Honus Wagner,Ty Cobb,Hank Aaron,Hank Aaron,Stan Musial
11,Lou Gehrig,Tris Speaker,Randy Johnson,Stan Musial,Rogers Hornsby,Roger Clemens,Roger Clemens,Satchel Paige,Oscar Charleston,Bob Feller,Stan Musial,Honus Wagner,Stan Musial,Stan Musial,Oscar Charleston,Ted Williams,Hank Aaron,Mickey Mantle,Josh Gibson,Roger Clemens,Roger Clemens,Lou Gehrig,Cy Young,Satchel Paige,Stan Musial,Stan Musial,Greg Maddux,Tris Speaker,Hank Aaron,Honus Wagner,Roger Clemens,Josh Gibson,Honus Wagner,Frank Robinson,Honus Wagner,Stan Musial,Honus Wagner,Ty Cobb,Roger Clemens,Tris Speaker,Walter Johnson,Mickey Mantle,Walter Johnson,Hank Aaron,Josh Gibson,Cy Young,Oscar Charleston,Mickey Mantle,Stan Musial,Honus Wagner,Honus Wagner,Josh Gibson,Hank Aaron,Mickey Mantle,Mickey Mantle,Ty Cobb,Duane Kuiper,Walter Johnson,Josh Gibson,Walter Johnson,Hank Aaron,Satchel Paige,Josh Gibson,Josh Gibson,Honus Wagner,Ty Cobb,Joe DiMaggio,Rickey Henderson,Josh Gibson,Barry Bonds,Tom Seaver,Mike Schmidt,Greg Maddux,Cristobal Torriente,Hank Aaron,Stan Musial,Stan Musial,Hank Aaron,Honus Wagner,Barry Bonds,Honus Wagner,Stan Musial,Walter Johnson,Greg Maddux,Stan Musial,Oscar Charleston,Barry Bonds,Greg Maddux,Roger Clemens,Honus Wagner,Barry Bonds,Christy Mathewson,Walter Johnson,Lefty Grove,Barry Bonds,Satchel Paige,Honus Wagner,Tris Speaker,Rickey Henderson,Randy Johnson,Stan Musial,Lou Gehrig,Greg Maddux,Lou Gehrig,Mickey Mantle,Lou Gehrig,Rogers Hornsby,Barry Bonds,Greg Maddux,Walter Johnson,Barry Bonds,Rogers Hornsby,Lou Gehrig
12,Walter Johnson,Hank Aaron,Ty Cobb,Rogers Hornsby,Stan Musial,Mickey Mantle,Tris Speaker,Walter Johnson,Alex Rodriguez,Ty Cobb,Rogers Hornsby,Lefty Grove,Lou Gehrig,Cy Young,Walter Johnson,Rogers Hornsby,Lou Gehrig,Stan Musial,Mickey Mantle,Mickey Mantle,Stan Musial,Stan Musial,Hank Aaron,Ted Williams,Lou Gehrig,Rogers Hornsby,Barry Bonds,Ted Williams,Honus Wagner,Lou Gehrig,Lou Gehrig,Walter Johnson,Mickey Mantle,Albert Pujols,Pete Alexander,Lefty Grove,Stan Musial,Lou Gehrig,Tris Speaker,Cy Young,Rickey Henderson,Josh Gibson,Lou Gehrig,Stan Musial,Stan Musial,Josh Gibson,Stan Musial,Honus Wagner,Greg Maddux,Rogers Hornsby,Rickey Henderson,Satchel Paige,Honus Wagner,Honus Wagner,Josh Gibson,Honus Wagner,Roger Clemens,Roger Clemens,Ted Williams,Stan Musial,Tris Speaker,Tris Speaker,Stan Musial,Roger Clemens,Alex Rodriguez,Christy Mathewson,Lou Gehrig,Greg Maddux,Roger Clemens,Pete Alexander,Hank Aaron,Johnny Bench,Mickey Mantle,Tris Speaker,Mickey Mantle,Tris Speaker,Hank Aaron,Honus Wagner,Satchel Paige,Lou Gehrig,Ted Williams,Josh Gibson,Alex Rodriguez,Oscar Charleston,Oscar Charleston,Lefty Grove,Mike Schmidt,Cy Young,Walter Johnson,Walter Johnson,Tris Speaker,Lou Gehrig,Mickey Mantle,Lou Gehrig,Lou Gehrig,Tris Speaker,Walter Johnson,Satchel Paige,Ted Williams,Tris Speaker,Tris Speaker,Tris Speaker,Lou Gehrig,Tom Seaver,Lou Gehrig,Stan Musial,Stan Musial,Roger Clemens,Mickey Mantle,Hank Aaron,Tom Seaver,Roger Clemens,Mickey Mantle
13,Greg Maddux,Joe DiMaggio,Warren Spahn,Eddie Collins,Walter Johnson,Rogers Hornsby,Hank Aaron,Roger Clemens,Lou Gehrig,Josh Gibson,Lou Gehrig,Mickey Mantle,Rogers Hornsby,Josh Gibson,Josh Gibson,Honus Wagner,Josh Gibson,Lou Gehrig,Roger Clemens,Josh Gibson,Oscar Charleston,Satchel Paige,Lou Gehrig,Roger Clemens,Rogers Hornsby,Ted Williams,Tris Speaker,Lou Gehrig,Stan Musial,Greg Maddux,Josh Gibson,Honus Wagner,Greg Maddux,Stan Musial,Stan Musial,Oscar Charleston,Christy Mathewson,Oscar Charleston,Honus Wagner,Honus Wagner,Cy Young,Roger Clemens,Hank Aaron,Lou Gehrig,Greg Maddux,Mickey Mantle,Tris Speaker,Lou Gehrig,Rogers Hornsby,Mickey Mantle,Rogers Hornsby,Mickey Mantle,Lou Gehrig,Rickey Henderson,Lefty Grove,Josh Gibson,Walter Johnson,Lou Gehrig,Tris Speaker,Alex Rodriguez,Rickey Henderson,Cy Young,Pop Lloyd,Hank Aaron,Greg Maddux,Lefty Grove,Oscar Charleston,Frank Robinson,Mickey Mantle,Mike Schmidt,Honus Wagner,Christy Mathewson,Lefty Grove,Walter Johnson,Lou Gehrig,Greg Maddux,Christy Mathewson,Josh Gibson,Stan Musial,Jimmie Foxx,Stan Musial,Christy Mathewson,Mickey Mantle,Stan Musial,Alex Rodriguez,Lou Gehrig,Josh Gibson,Lou Gehrig,Rogers Hornsby,Stan Musial,Mickey Mantle,Jimmie Foxx,Christy Mathewson,Honus Wagner,Tom Seaver,Oscar Charleston,Rogers Hornsby,Walter Johnson,Satchel Paige,Roger Clemens,Satchel Paige,Honus Wagner,Josh Gibson,Mickey Mantle,Tris Speaker,Greg Maddux,Ted Williams,Honus Wagner,Ty Cobb,Alex Rodriguez,Lou Gehrig,Cy Young,Alex Rodriguez
14,Rickey Henderson,Lou Gehrig,Bob Gibson,Ted Williams,Eddie Collins,Greg Maddux,Alex Rodriguez,Lou Gehrig,Ty Cobb,Tom Seaver,Pete Alexander,Walter Johnson,Greg Maddux,Lou Gehrig,Rogers Hornsby,Rickey Henderson,Willie Mays,Greg Maddux,Cy Young,Walter Johnson,Lou Gehrig,Rogers Hornsby,Greg Maddux,Rickey Henderson,Tris Speaker,Cy Young,Pete Alexander,Alex Rodriguez,Tris Speaker,Walter Johnson,Stan Musial,Pedro Martinez,Tris Speaker,Lefty Grove,Tom Seaver,Jackie Robinson,Tris Speaker,Ted Williams,Stan Musial,Stan Musial,Mickey Mantle,Lou Gehrig,Roger Clemens,Joe DiMaggio,Roger Clemens,Roger Clemens,Mickey Mantle,Roger Clemens,Pete Alexander,Roger Clemens,Tris Speaker,Cy Young,Mickey Mantle,Rogers Hornsby,Cy Young,Tris Speaker,Joe DiMaggio,Greg Maddux,Honus Wagner,Rogers Hornsby,Greg Maddux,Mickey Mantle,Hank Aaron,Satchel Paige,Josh Gibson,Frank Robinson,Mickey Mantle,Lefty Grove,Honus Wagner,Johnny Bench,Ty Cobb,Mickey Mantle,Walter Johnson,Mickey Mantle,Satchel Paige,Josh Gibson,Mickey Mantle,Satchel Paige,Walter Johnson,Albert Pujols,Pop Lloyd,Rogers Hornsby,Frank Robinson,Rogers Hornsby,Tris Speaker,Rogers Hornsby,Greg Maddux,Johnny Bench,Rickey Henderson,Lefty Grove,Lefty Grove,Greg Maddux,Jimmie Foxx,Christy Mathewson,Roger Clemens,Stan Musial,Tris Speaker,Tom Seaver,Rogers Hornsby,Rickey Henderson,Rogers Hornsby,Mickey Mantle,Mike Schmidt,Roger Clemens,Joe DiMaggio,Josh Gibson,Eddie Collins,Rogers Hornsby,Stan Musial,Lou Gehrig,Rickey Henderson,Lou Gehrig,Pete Alexander
15,Rogers Hornsby,Joe Morgan,Lou Gehrig,Pete Alexander,Lou Gehrig,Cy Young,Rogers Hornsby,Mickey Mantle,Cy Young,Christy Mathewson,Mickey Mantle,Stan Musial,Mickey Mantle,Pete Alexander,Christy Mathewson,Oscar Charleston,Alex Rodriguez,Rogers Hornsby,Tris Speaker,Greg Maddux,Pete Alexander,Greg Maddux,Rogers Hornsby,Rogers Hornsby,Josh Gibson,Satchel Paige,Rogers Hornsby,Eddie Collins,Rogers Hornsby,Rogers Hornsby,Mickey Mantle,Rickey Henderson,Rogers Hornsby,Pete Alexander,Tris Speaker,Ted Williams,Rogers Hornsby,Lefty Grove,Lou Gehrig,Rickey Henderson,Honus Wagner,Greg Maddux,Barry Bonds,Joe Morgan,Rogers Hornsby,Tris Speaker,Satchel Paige,Tris Speaker,Rickey Henderson,Greg Maddux,Lefty Grove,Lou Gehrig,Tris Speaker,Greg Maddux,Oscar Charleston,Jackie Robinson,Cal Ripken,Josh Gibson,Alex Rodriguez,Ted Williams,Alex Rodriguez,Roger Clemens,Roger Clemens,Lou Gehrig,Rickey Henderson,Tom Seaver,Walter Johnson,Pedro Martinez,Stan Musial,Eddie Collins,Walter Johnson,Stan Musial,Lou Gehrig,Ted Williams,Lefty Grove,Lou Gehrig,Lou Gehrig,Tris Speaker,Rogers Hornsby,Greg Maddux,Cy Young,Satchel Paige,Joe Morgan,Lefty Grove,Pete Alexander,Rickey Henderson,Walter Johnson,Yogi Berra,Mickey Mantle,Tom Seaver,Joe DiMaggio,Roger Clemens,Warren Spahn,Tris Speaker,Rogers Hornsby,Roger Clemens,Oscar Charleston,Lou Gehrig,Roger Clemens,Pedro Martinez,Lou Gehrig,Greg Maddux,Rogers Hornsby,Cy Young,Greg Maddux,Oscar Charleston,Lou Gehrig,Tris Speaker,Johnny Bench,Joe Morgan,Roger Clemens,Rickey Henderson,Tris Speaker
16,Mike Schmidt,Barry Bonds,Sandy Koufax,Alex Rodriguez,Greg Maddux,Josh Gibson,Eddie Collins,Rickey Henderson,Joe DiMaggio,Greg Maddux,Tom Seaver,Rickey Henderson,Josh Gibson,Rogers Hornsby,Mike Schmidt,Roger Clemens,Pedro Martinez,Cy Young,Mike Schmidt,Joe DiMaggio,Rogers Hornsby,Hank Aaron,Alex Rodriguez,Lou Gehrig,Mickey Mantle,Josh Gibson,Satchel Paige,Rogers Hornsby,Josh Gibson,Randy Johnson,Pete Alexander,Greg Maddux,Pete Alexander,Christy Mathewson,Rickey Henderson,Mickey Mantle,Tom Seaver,Joe Dimaggio,Mickey Mantle,Johnny Bench,Johnny Bench,Albert Pujols,Johnny Bench,Tris Speaker,Lou Gehrig,Greg Maddux,Greg Maddux,Greg Maddux,Tom Seaver,Joe Morgan,Greg Maddux,Roger Clemens,Stan Musial,Mike Schmidt,Lou Gehrig,Lou Gehrig,Lou Gehrig,Albert Pujols,Greg Maddux,Honus Wagner,Lou Gehrig,Rogers Hornsby,Rogers Hornsby,Lefty Grove,Rogers Hornsby,Rogers Hornsby,Alex Rodriguez,Mickey Mantle,Rogers Hornsby,Josh Gibson,Lou Gehrig,Josh Gibson,Rogers Hornsby,Eddie Collins,Tris Speaker,Lefty Grove,Pete Alexander,Stan Musial,Mickey Mantle,Joe DiMaggio,Rogers Hornsby,Pedro Martinez,Oscar Charleston,Pete Alexander,Lefty Grove,Roger Clemens,Rogers Hornsby,Roger Clemens,Nap Lajoie,Rogers Hornsby,Oscar Charleston,Rickey Henderson,Mike Schmidt,Pete Alexander,Mickey Mantle,Pete Alexander,Cy Young,Rickey Henderson,Tris Speaker,Rogers Hornsby,Mickey Mantle,Rickey Henderson,Ty Cobb,Rickey Henderson,Roger Clemens,Mike Schmidt,Alex Rodriguez,Mickey Mantle,Lou Gehrig,Joe DiMaggio,Mike Schmidt,Tom Seaver,Cy Young
17,Cy Young,Satchel Paige,Pedro Martinez,Lou Gehrig,Mickey Mantle,Tris Speaker,Pete Alexander,Pedro Martinez,Frank Robinson,Honus Wagner,Oscar Charleston,Randy Johnson,Cy Young,Lefty Grove,Joe DiMaggio,Satchel Paige,Tris Speaker,Satchel Paige,Joe Morgan,George Brett,Eddie Collins,Tom Seaver,Lefty Grove,Mickey Mantle,Pete Alexander,Greg Maddux,Lefty Grove,Greg Maddux,Eddie Collins,Rickey Henderson,Tris Speaker,Rogers Hornsby,Frank Robinson,Oscar Charleston,Lou Gehrig,Lou Gehrig,Mickey Mantle,Greg Maddux,Josh Gibson,Greg Maddux,Rogers Hornsby,Satchel Paige,Frank Robinson,Lefty Grove,Pete Alexander,Rickey Henderson,Randy Johnson,Cy Young,Mickey Mantle,Tris Speaker,Pedro Martinez,Rogers Hornsby,Satchel Paige,Alex Rodriguez,Stan Musial,Greg Maddux,Stan Musial,Joe DiMaggio,Lou Gehrig,Randy Johnson,Mickey Mantle,Pete Alexander,Lou Gehrig,Greg Maddux,Albert Pujols,Lou Gehrig,Joe Morgan,Satchel Paige,Frank Robinson,Mickey Mantle,Mickey Mantle,Roger Clemens,Stan Musial,Cy Young,Joe Morgan,Rickey Henderson,Josh Gibson,Mickey Mantle,Lou Gehrig,Josh Gibson,Tris Speaker,Jimmie Foxx,Honus Wagner,Tris Speaker,Rogers Hornsby,Greg Maddux,Joe Morgan,Rickey Henderson,Eddie Collins,Christy Mathewson,Mel Ott,Cap Anson,Bob Gibson,Tom Seaver,Frank Robinson,Josh Gibson,Eddie Collins,Josh Gibson,Lou Gehrig,Mike Schmidt,Josh Gibson,Bob Feller,Mickey Mantle,Warren Spahn,Satchel Paige,Rickey Henderson,Mickey Mantle,Stan Musial,Rickey Henderson,Satchel Paige,Joe Morgan,Christy Mathewson,Mike Schmidt
18,Alex Rodriguez,Eddie Collins,Honus Wagner,Rickey Henderson,Randy Johnson,Oscar Charleston,Josh Gibson,Frank Robinson,Sandy Koufax,Satchel Paige,Bob Gibson,Greg Maddux,Tris Speaker,Christy Mathewson,Roger Clemens,Tris Speaker,Cy Young,Tris Speaker,Jimmie Foxx,Joe Morgan,Lefty Grove,Pop Lloyd,Mickey Mantle,Eddie Collins,Satchel Paige,Mickey Mantle,Joe DiMaggio,Jackie Robinson,Lou Gehrig,Mike Schmidt,Pedro Martinez,Joe Morgan,Rickey Henderson,Lou Gehrig,Greg Maddux,Greg Maddux,Pete Alexander,Roger Clemens,Johnny Bench,Roger Clemens,Joe Morgan,Joe Morgan,Cy Young,Satchel Paige,Rickey Henderson,Satchel Paige,Rickey Henderson,Rickey Henderson,Tris Speaker,Mike Schmidt,Satchel Paige,Joe DiMaggio,Greg Maddux,Albert Pujols,Rogers Hornsby,Pete Rose,George Brett,Joe Morgan,Rogers Hornsby,Mickey Mantle,Tom Seaver,Christy Mathewson,Greg Maddux,Joe DiMaggio,Walter Johnson,Eddie Collins,Greg Maddux,Mike Schmidt,Cy Young,Greg Maddux,Sandy Koufax,Tris Speaker,Cy Young,Roger Clemens,Roger Clemens,Joe DiMaggio,Randy Johnson,Lou Gehrig,Randy Johnson,Rogers Hornsby,Greg Maddux,Mike Schmidt,Satchel Paige,Tom Seaver,Frank Robinson,Frank Robinson,Mickey Mantle,Joe Morgan,Greg Maddux,Pete Alexander,Cy Young,Rogers Hornsby,Cy Young,Jimmie Foxx,Joe Morgan,Lou Gehrig,Greg Maddux,Roger Clemens,Joe DiMaggio,Joe Morgan,Joe DiMaggio,Rogers Hornsby,Joe Morgan,Frank Robinson,Frank Robinson,Tris Speaker,Greg Maddux,Tom Seaver,Satchel Paige,Tris Speaker,Rogers Hornsby,Alex Rodriguez,Johnny Bench
19,Albert Pujols,Lefty Grove,Stan Musial,Tom Seaver,Alex Rodriguez,Rickey Henderson,Lou Gehrig,Josh Gibson,Pedro Martinez,Cy Young,Cy Young,Tom Seaver,Mike Schmidt,Roger Clemens,Joe Morgan,Tom Seaver,Joe Morgan,Albert Pujols,Rogers Hornsby,Randy Johnson,Tom Seaver,Mickey Mantle,Albert Pujols,Frank Robinson,Joe Morgan,Mike Schmidt,Lou Gehrig,Mickey Mantle,Alex Rodriguez,Albert Pujols,Rogers Hornsby,Mike Schmidt,Lou Gehrig,Bob Feller,Roger Clemens,Tom Seaver,Bob Gibson,Randy Johnson,Alex Rodriguez,Pete Alexander,Frank Robinson,Joe DiMaggio,Joe Morgan,Mike Schmidt,Mickey Mantle,Lou Gehrig,Eddie Collins,Satchel Paige,Alex Rodriguez,Randy Johnson,Oscar Charleston,Lefty Grove,Randy Johnson,Cy Young,Mike Schmidt,Mickey Mantle,Mike Schmidt,Mike Schmidt,Pedro Martinez,Lou Gehrig,Lefty Grove,Barry Bonds,Pete Alexander,Tris Speaker,Al Simmons,Rickey Henderson,Rickey Henderson,Tom Seaver,Mike Schmidt,Jimmie Foxx,Jackie Robinson,Oscar Charleston,Tris Speaker,Rickey Henderson,Pete Alexander,Alex Rodriguez,Rogers Hornsby,Eddie Collins,Rickey Henderson,Christy Mathewson,Lou Gehrig,Roger Clemens,Mike Schmidt,Joe Morgan,Tom Seaver,Mike Schmidt,Jackie Robinson,Tom Seaver,Frank Robinson,Frank Robinson,Rogers Hornsby,Joe DiMaggio,Johnny Bench,Satchel Paige,Pete Alexander,Rickey Henderson,Rickey Henderson,Joe DiMaggio,Warren Spahn,Bob Gibson,Greg Maddux,Satchel Paige,Stan Musial,Albert Pujols,Lefty Grove,Alex Rodriguez,Mel Ott,Eddie Collins,Randy Johnson,Lefty Grove,Tris Speaker,Greg Maddux,Satchel Paige
20,Joe Morgan,Pete Alexander,Hank Aaron,Mickey Mantle,Mel Ott,Satchel Paige,Randy Johnson,Alex Rodriguez,Honus Wagner,Alex Rodriguez,Sandy Koufax,Josh Gibson,Satchel Paige,Tris Speaker,Frank Robinson,Bob Gibson,Mickey Mantle,Johnny Bench,Joe DiMaggio,Rickey Henderson,Greg Maddux,Pedro Martinez,Satchel Paige,Tom Seaver,Greg Maddux,Christy Mathewson,Eddie Collins,Satchel Paige,Mickey Mantle,Cy Young,Joe DiMaggio,Christy Mathewson,Cy Young,Tris Speaker,Randy Johnson,Joe DiMaggio,Joe DiMaggio,Jackie Robinson,Jackie Robinson,Lou Gehrig,Randy Johnson,Rogers Hornsby,Rogers Hornsby,Roger Clemens,Eddie Collins,Mike Schmidt,Josh Gibson,Mike Schmidt,Lou Gehrig,Tom Seaver,Eddie Collins,Tris Speaker,Cy Young,Joe DiMaggio,Alex Rodriguez,Frank Robinson,Nap Lajoie,Satchel Paige,Rickey Henderson,Jimmie Foxx,Joe Morgan,Eddie Collins,Joe Morgan,Joe Morgan,Cy Young,Roger Clemens,Eddie Collins,Joe Morgan,Alex Rodriguez,Tom Seaver,Rickey Henderson,Pie Traynor,Tom Seaver,Joe Morgan,Eddie Collins,Rogers Hornsby,Mike Schmidt,Pete Alexander,Tris Speaker,Cy Young,Eddie Collins,Rickey Henderson,Tris Speaker,Mike Schmidt,Greg Maddux,Cy Young,Roger Clemens,Rogers Hornsby,Alex Rodriguez,Tris Speaker,Frank Robinson,Nap Lajoie,Roberto Clemente,Carl Yastrzemski,Rickey Henderson,Rogers Hornsby,Tom Seaver,Rogers Hornsby,Nap Lajoie,Jackie Robinson,Eddie Collins,Jimmie Foxx,Tris Speaker,George Brett,Rogers Hornsby,Satchel Paige,Pete Alexander,Christy Mathewson,Alex Rodriguez,Pete Alexander,Frank Robinson,Eddie Collins,Rogers Hornsby
21,Joe DiMaggio,Mike Schmidt,Roy Halladay,Mel Ott,Mike Schmidt,Tom Seaver,Joe Morgan,Pete Alexander,Rogers Hornsby,Warren Spahn,Joe DiMaggio,Satchel Paige,Tom Seaver,Mickey Mantle,Greg Maddux,Mel Ott,Christy Mathewson,Joe Morgan,Frank Robinson,Rogers Hornsby,Mike Schmidt,Tris Speaker,Mike Schmidt,Alex Rodriguez,Eddie Collins,Oscar Charleston,Rickey Henderson,Rickey Henderson,Greg Maddux,Joe DiMaggio,Christy Mathewson,Satchel Paige,Tom Seaver,Warren Spahn,Rogers Hornsby,Albert Pujols,Josh Gibson,Sandy Koufax,Mike Schmidt,Mickey Mantle,Pete Rose,Mike Schmidt,Greg Maddux,Eddie Collins,Tom Seaver,Pedro Martinez,Lou Gehrig,Rogers Hornsby,Mel Ott,Alex Rodriguez,Pete Alexander,Tom Seaver,Alex Rodriguez,Randy Johnson,Joe Morgan,Pete Alexander,Honus Wagner,Rogers Hornsby,Pete Alexander,Pete Rose,Rogers Hornsby,Lefty Grove,Mickey Mantle,Mike Schmidt,Lou Gehrig,Cy Young,Satchel Paige,Christy Mathewson,Joe Morgan,Joe Morgan,Frank Robinson,Rickey Henderson,Rickey Henderson,Joe DiMaggio,Frank Robinson,Joe Morgan,Greg Maddux,Albert Pujols,Pete Alexander,Rickey Henderson,Lefty Grove,Lefty Grove,Ted Williams,Josh Gibson,Harry Heilmann,Mickey Mantle,Cy Young,Mickey Mantle,Mel Ott,Warren Spahn,Warren Spahn,Mickey Mantle,Sandy Koufax,Joe DiMaggio,Lefty Grove,Eddie Collins,Mike Schmidt,Joe Morgan,Josh Gibson,Mickey Mantle,Randy Johnson,Josh Gibson,Rickey Henderson,Mike Schmidt,Rickey Henderson,Rogers Hornsby,Rickey Henderson,Lefty Grove,Rogers Hornsby,Mike Schmidt,Pete Alexander,Randy Johnson,Joe DiMaggio
22,Frank Robinson,Rogers Hornsby,Roger Clemens,Nap Lajoie,Rickey Henderson,Mike Schmidt,Lefty Grove,Cy Young,Bob Gibson,Mickey Mantle,Christy Mathewson,George Brett,Joe DiMaggio,Tom Seaver,Lefty Grove,Mickey Mantle,Bob Gibson,Alex Rodriguez,Yogi Berra,Albert Pujols,Tris Speaker,Pete Alexander,Pete Alexander,Nap Lajoie,Mike Schmidt,Johnny Bench,Randy Johnson,Mel Ott,Mel Ott,Joe Morgan,Joe Morgan,Roger Clemens,Oscar Charleston,Tom Seaver,Josh Gibson,Pete Rose,Johnny Bench,Jimmie Foxx,Rickey Henderson,Alex Rodriguez,Warren Spahn,Rickey Henderson,Tom Seaver,Rogers Hornsby,Warren Spahn,Alex Rodriguez,Cy Young,Joe DiMaggio,Satchel Paige,Rickey Henderson,Christy Mathewson,Eddie Collins,Mike Schmidt,Joe Morgan,Albert Pujols,Roger Clemens,Mickey Mantle,Tris Speaker,Mickey Mantle,Josh Gibson,Pete Alexander,Greg Maddux,Mike Schmidt,Alex Rodriguez,Tris Speaker,Nap Lajoie,Jackie Robinson,Randy Johnson,Yogi Berra,Oscar Charleston,Cy Young,Tom Seaver,Randy Johnson,Josh Gibson,Mike Schmidt,Roger Clemens,Rickey Henderson,Randy Johnson,Pop Lloyd,Mickey Mantle,Mickey Mantle,Mickey Mantle,Joe DiMaggio,Roger Clemens,Satchel Paige,Satchel Paige,Jimmie Foxx,Warren Spahn,Jimmie Foxx,Greg Maddux,Roberto Clemente,Randy Johnson,Bob Feller,Roger Clemens,Johnny Bench,Mickey Mantle,Frank Robinson,George Brett,Eddie Collins,Cal Ripken,Alex Rodriguez,Tom Seaver,Alex Rodriguez,Tris Speaker,Cy Young,Lefty Grove,Randy Johnson,Alex Rodriguez,Lefty Grove,Frank Robinson,Mickey Mantle,Mickey Mantle,Jackie Robinson
23,Randy Johnson,Cy Young,Rogers Hornsby,Frank Robinson,Frank Robinson,Lefty Grove,Greg Maddux,Nap Lajoie,Randy Johnson,Rickey Henderson,Tris Speaker,Tris Speaker,Alex Rodriguez,Pop Lloyd,Tris Speaker,Greg Maddux,Randy Johnson,Randy Johnson,Warren Spahn,Al Kaline,Mickey Mantle,Jimmie Foxx,Joe Morgan,Mel Ott,Lefty Grove,Eddie Collins,Mickey Mantle,Randy Johnson,Rickey Henderson,Alex Rodriguez,Rickey Henderson,Tom Seaver,Alex Rodriguez,Josh Gibson,Frank Robinson,Joe Morgan,Yogi Berra,Pete Rose,Tom Seaver,Jimmie Foxx,Cal Ripken,Cy Young,Pete Alexander,Greg Maddux,Mel Ott,Joe DiMaggio,Alex Rodriguez,Lefty Grove,Josh Gibson,Mel Ott,Mickey Mantle,Rickey Henderson,Albert Pujols,Frank Robinson,Greg Maddux,Alex Rodriguez,Christy Mathewson,Rickey Henderson,Randy Johnson,Mike Schmidt,Frank Robinson,Mike Schmidt,Eddie Collins,Pete Alexander,Randy Johnson,Pete Alexander,Bob Feller,Joe DiMaggio,Roberto Clemente,Rogers Hornsby,Bob Gibson,Eddie Collins,Frank Robinson,Lou Gehrig,Pop Lloyd,Mike Piazza,Joe Morgan,Lefty Grove,Mike Schmidt,Cap Anson,Alex Rodriguez,Bob Feller,Rickey Henderson,Randy Johnson,Joe Morgan,Pete Alexander,Joe DiMaggio,Christy Mathewson,Mike Schmidt,Bob Gibson,Tom Seaver,Pedro Martinez,Tris Speaker,Greg Maddux,Nap Lajoie,Pedro Martinez,Nap Lajoie,Randy Johnson,Tom Seaver,Cy Young,Mike Schmidt,Mike Schmidt,Johnny Bench,Johnny Bench,Oscar Charleston,Joe DiMaggio,Mike Schmidt,Albert Pujols,Nap Lajoie,Eddie Collins,Roberto Clemente,Roberto Clemente,Frank Robinson
24,Tom Seaver,Frank Robinson,Bob Feller,Greg Maddux,Nap Lajoie,Joe Morgan,Frank Robinson,Tom Seaver,Cal Ripken,Roberto Clemente,Josh Gibson,Albert Pujols,Randy Johnson,Greg Maddux,Jimmie Foxx,Randy Johnson,Nap Lajoie,Rickey Henderson,George Brett,Roberto Clemente,Christy Mathewson,Oscar Charleston,Randy Johnson,Ty Cobb,Joe DiMaggio,Tris Speaker,Christy Mathewson,Josh Gibson,Pete Alexander,Frank Robinson,Eddie Collins,Bob Feller,Eddie Collins,Joe Morgan,George Brett,Eddie Collins,Oscar Charleston,Christy Mathewson,Frank Robinson,Lefty Grove,Pedro Martinez,Alex Rodriguez,Lefty Grove,Albert Pujols,Oscar Charleston,Rogers Hornsby,Pete Alexander,Joe Morgan,Frank Robinson,Albert Pujols,Joe Morgan,Mike Schmidt,Pete Alexander,Tris Speaker,Randy Johnson,Rickey Henderson,Pedro Martinez,Frank Robinson,Frank Robinson,Pete Alexander,Mike Schmidt,Rickey Henderson,Cy Young,Eddie Collins,Frank Robinson,Mickey Mantle,Josh Gibson,Rogers Hornsby,Christy Mathewson,Roger Clemens,Jimmie Foxx,Yogi Berra,Mike Schmidt,Greg Maddux,Rickey Henderson,Mike Schmidt,Tom Seaver,Alex Rodriguez,Joe DiMaggio,Nap Lajoie,Tom Seaver,Frank Robinson,Eddie Collins,Eddie Collins,Mike Schmidt,Randy Johnson,Frank Robinson,Jim Palmer,Cy Young,Rickey Henderson,Yogi Berra,Frank Robinson,Pete Alexander,Mike Schmidt,Alex Rodriguez,Joe Morgan,Mel Ott,Alex Rodriguez,Mickey Mantle,Johnny Bench,Pedro Martinez,Joe Morgan,Christy Mathewson,Rogers Hornsby,Cal Ripken,Albert Pujols,Frank Robinson,Mike Schmidt,Joe Morgan,Rickey Henderson,Randy Johnson,Josh Gibson,Rickey Henderson
25,Tris Speaker,Rickey Henderson,Eddie Collins,Mike Schmidt,Jimmie Foxx,Frank Robinson,Tom Seaver,Mel Ott,Mike Schmidt,Mike Schmidt,Joe Morgan,Rogers Hornsby,Lefty Grove,Alex Rodriguez,Cy Young,Pedro Martinez,Yogi Berra,Frank Robinson,Lefty Grove,Tris Speaker,Rickey Henderson,Joe Morgan,Josh Gibson,Lefty Grove,Cy Young,Frank Robinson,Josh Gibson,Mike Schmidt,Mike Schmidt,Tom Seaver,Pop Lloyd,Albert Pujols,Mike Schmidt,Pete Rose,Mike Schmidt,Mike Schmidt,Roberto Clemente,Tris Speaker,Pete Alexander,Mel Ott,Mike Schmidt,Randy Johnson,Albert Pujols,Jimmie Foxx,Nap Lajoie,Frank Robinson,Mike Schmidt,Frank Robinson,Jimmie Foxx,Joe DiMaggio,Nap Lajoie,Albert Pujols,Joe Morgan,Johnny Bench,Rickey Henderson,Randy Johnson,Yogi Berra,Alex Rodriguez,Joe DiMaggio,Eddie Collins,Oscar Charleston,Tom Seaver,Rickey Henderson,Mel Ott,Satchel Paige,Albert Pujols,Christy Mathewson,Lou Gehrig,Jimmie Foxx,Rickey Henderson,Mike Schmidt,Satchel Paige,Johnny Bench,Tom Seaver,George Brett,Eddie Collins,Tris Speaker,Rickey Henderson,Eddie Collins,Roberto Clemente,Randy Johnson,Randy Johnson,Randy Johnson,Warren Spahn,Cy Young,Tris Speaker,Tom Seaver,Mike Schmidt,Tom Seaver,Cal Ripken,Joe Morgan,Roberto Clemente,Yogi Berra,Mel Ott,Bob Gibson,Greg Maddux,Josh Gibson,Pete Alexander,Mel Ott,Stan Musial,Cy Young,Albert Pujols,Oscar Charleston,Cal Ripken,Carl Yastrzemski,Joe Morgan,Tom Seaver,Greg Maddux,Cal Ripken,Jimmie Foxx,Pedro Martinez,Lefty Grove,Albert Pujols
26,Johnny Bench,Pop Lloyd,Tris Speaker,Lefty Grove,Joe Morgan,Joe DiMaggio,Joe DiMaggio,Christy Mathewson,Jackie Robinson,Stan Musial,Eddie Collins,Frank Robinson,Rickey Henderson,Joe Morgan,Tom Seaver,Lefty Grove,Eddie Mathews,Mike Schmidt,Johnny Bench,Tom Seaver,Joe DiMaggio,Mike Schmidt,Jimmie Foxx,Greg Maddux,Tom Seaver,Bob Feller,Roger Clemens,Pete Alexander,Randy Johnson,Tris Speaker,Frank Robinson,Randy Johnson,Christy Mathewson,Jimmie Foxx,Mickey Mantle,Yogi Berra,Lefty Grove,Rogers Hornsby,Joe Morgan,Jackie Robinson,Christy Mathewson,Frank Robinson,Mike Schmidt,Alex Rodriguez,Joe DiMaggio,Tom Seaver,Tom Seaver,Randy Johnson,Joe Morgan,Roberto Clemente,Johnny Bench,Pete Alexander,Pop Lloyd,Tom Seaver,Johnny Bench,Satchel Paige,Rogers Hornsby,Cy Young,Sandy Koufax,Tris Speaker,Eddie Collins,Mel Ott,Lefty Grove,George Brett,Mike Schmidt,Johnny Bench,Tom Seaver,Josh Gibson,Tris Speaker,George Brett,Joe DiMaggio,Roberto Clemente,Christy Mathewson,Frank Robinson,Tom Seaver,Cy Young,Albert Pujols,Mike Schmidt,Mel Ott,Johnny Bench,Rickey Henderson,Oscar Charleston,Mel Ott,Rickey Henderson,Mickey Mantle,Christy Mathewson,Bob Gibson,Pete Alexander,Pete Alexander,Yogi Berra,Pete Alexander,Warren Spahn,Frank Robinson,Randy Johnson,Warren Spahn,Tom Seaver,Randy Johnson,Nap Lajoie,Frank Robinson,Oscar Charleston,Rickey Henderson,Alex Rodriguez,Eddie Collins,Pete Rose,Tom Seaver,Pete Alexander,Joe Morgan,Nap Lajoie,Jackie Robinson,George Brett,Joe DiMaggio,Mel Ott,Greg Maddux
27,Jimmie Foxx,Mel Ott,Nap Lajoie,Randy Johnson,Pete Alexander,Alex Rodriguez,Satchel Paige,Albert Pujols,Christy Mathewson,Lou Gehrig,George Brett,Eddie Collins,Christy Mathewson,Pedro Martinez,Rickey Henderson,Albert Pujols,Bob Feller,Lefty Grove,Pete Alexander,Satchel Paige,Jackie Robinson,Rickey Henderson,Tris Speaker,Pete Alexander,Rickey Henderson,Tom Seaver,Alex Rodriguez,Frank Robinson,Frank Robinson,Johnny Bench,Sandy Koufax,Joe DiMaggio,Jimmie Foxx,Cy Young,Mel Ott,Johnny Bench,Sandy Koufax,Rickey Henderson,Randy Johnson,Frank Robinson,Tom Seaver,Lefty Grove,Mel Ott,George Brett,Joe Morgan,Albert Pujols,Joe Morgan,Jimmie Foxx,Mike Schmidt,Christy Mathewson,Mike Schmidt,Frank Robinson,Jackie Robinson,George Brett,Eddie Collins,Jimmie Foxx,Bob Feller,Eddie Collins,Tom Seaver,Joe Morgan,Cy Young,Joe Morgan,Randy Johnson,Rogers Hornsby,Joe Morgan,Roberto Clemente,Tris Speaker,Albert Pujols,Eddie Mathews,Frank Robinson,Pedro Martinez,Jimmie Foxx,Joe Morgan,Nap Lajoie,Jackie Robinson,Frank Robinson,Mel Ott,Nap Lajoie,Joe Morgan,Randy Johnson,Nap Lajoie,Johnny Bench,Tom Seaver,Satchel Paige,Rickey Henderson,Alex Rodriguez,Cal Ripken,Jackie Robinson,Carl Yastrzemski,Nap Lajoie,Bob Feller,Tris Speaker,Tom Seaver,Mickey Mantle,Satchel Paige,Johnny Bench,Christy Mathewson,Mike Schmidt,Mike Schmidt,Jimmie Foxx,Albert Pujols,Jackie Robinson,Lefty Grove,Joe Morgan,Mike Schmidt,Johnny Bench,Jimmie Foxx,Randy Johnson,Mike Schmidt,Pete Rose,Pete Rose,Bob Gibson,Josh Gibson
28,Christy Mathewson,Jimmie Foxx,Albert Pujols,Christy Mathewson,Tom Seaver,Pete Alexander,Cy Young,Randy Johnson,Bob Feller,Tris Speaker,Rickey Henderson,Joe Morgan,Pete Alexander,Eddie Collins,Alex Rodriguez,Alex Rodriguez,Satchel Paige,Joe DiMaggio,Alex Rodriguez,Lefty Grove,Johnny Bench,Randy Johnson,Mel Ott,Christy Mathewson,Christy Mathewson,Jimmie Foxx,Warren Spahn,Joe Morgan,Joe Morgan,Jimmie Foxx,Johnny Bench,Alex Rodriguez,Carl Yastrzemski,Roger Clemens,Eddie Collins,Rickey Henderson,Randy Johnson,Tom Seaver,Carl Yastrzemski,Mike Schmidt,Jimmie Foxx,Tris Speaker,George Brett,Rickey Henderson,Frank Robinson,Joe Morgan,Lefty Grove,Christy Mathewson,Lefty Grove,Lefty Grove,Mel Ott,Greg Maddux,Frank Robinson,Jimmie Foxx,Pedro Martinez,Nap Lajoie,Johnny Bench,Randy Johnson,Albert Pujols,Lefty Grove,Warren Spahn,Bob Feller,Alex Rodriguez,Frank Robinson,Joe DiMaggio,Tris Speaker,Roberto Clemente,Alex Rodriguez,Rickey Henderson,Cy Young,Alex Rodriguez,Cy Young,Cal Ripken,Mel Ott,Cy Young,Tom Seaver,Jimmie Foxx,Greg Maddux,Greg Maddux,Frank Robinson,Pete Alexander,Tom Seaver,Lou Gehrig,Joe DiMaggio,Nap Lajoie,Pedro Martinez,Pop Lloyd,Frank Robinson,Cal Ripken,Johnny Bench,Satchel Paige,Albert Pujols,George Brett,Warren Spahn,Josh Gibson,Mike Schmidt,Alex Rodriguez,Frank Robinson,Oscar Charleston,Alex Rodriguez,Frank Robinson,Warren Spahn,Pete Alexander,Eddie Collins,Joe Morgan,Jimmie Foxx,Christy Mathewson,Bob Gibson,Tom Seaver,Rogers Hornsby,Yogi Berra,Nap Lajoie,Roger Clemens
29,George Brett,George Brett,Frank Robinson,Joe Morgan,Eddie Mathews,Christy Mathewson,Rickey Henderson,Eddie Mathews,Tom Seaver,Juan Marichal,Alex Rodriguez,Cy Young,Albert Pujols,Frank Robinson,Pete Alexander,Pete Rose,Mike Schmidt,Tom Seaver,Tom Seaver,Jimmie Foxx,Pop Lloyd,Eddie Collins,Eddie Collins,Mike Schmidt,Pedro Martinez,Pete Alexander,Frank Robinson,Nap Lajoie,Tom Seaver,Christy Mathewson,Jackie Robinson,Cy Young,Johnny Bench,Johnny Bench,Nap Lajoie,Bob Gibson,Pedro Martinez,Mickey Mantle,Jimmie Foxx,Pedro Martinez,Roberto Clemente,George Brett,Pedro Martinez,Frank Robinson,Alex Rodriguez,Johnny Bench,Cal Ripken,Eddie Collins,Randy Johnson,Eddie Collins,Randy Johnson,Alex Rodriguez,Rickey Henderson,Christy Mathewson,Tris Speaker,Tom Seaver,Randy Johnson,Jimmie Foxx,Oscar Charleston,Cal Ripken,Johnny Bench,Frank Robinson,Mel Ott,Jackie Robinson,Jimmie Foxx,Warren Spahn,Sandy Koufax,Warren Spahn,George Brett,Yogi Berra,Eddie Collins,Martin Dihigo,Alex Rodriguez,Lefty Grove,Johnny Bench,Randy Johnson,Cy Young,Pedro Martinez,Alex Rodriguez,Bob Feller,Mike Schmidt,Alex Rodriguez,Christy Mathewson,Frank Robinson,Christy Mathewson,Albert Pujols,George Brett,Bob Feller,Joe Morgan,Roberto Clemente,Eddie Collins,Yogi Berra,Eddie Mathews,Johnny Bench,Yogi Berra,Frank Robinson,Joe Morgan,Juan Marichal,Christy Mathewson,Sandy Koufax,Jimmie Foxx,Paul Molitor,Frank Robinson,Jimmie Foxx,Mel Ott,Christy Mathewson,Lefty Grove,Jimmie Foxx,Tris Speaker,Warren Spahn,Johnny Bench,Sandy Koufax,Christy Mathewson
30,Cal Ripken,Jackie Robinson,Mel Ott,Warren Spahn,Carl Yastrzemski,Randy Johnson,Mike Schmidt,Lefty Grove,Satchel Paige,Jackie Robinson,Yogi Berra,Joe DiMaggio,Jimmie Foxx,Mike Schmidt,Johnny Bench,Eddie Collins,Warren Spahn,Pete Alexander,Albert Pujols,Mike Schmidt,Cy Young,Nap Lajoie,Tom Seaver,Joe Morgan,Mel Ott,Lefty Grove,Bob Gibson,Cal Ripken,Jimmie Foxx,George Brett,Carl Yastrzemski,George Brett,Randy Johnson,Joe DiMaggio,Joe Morgan,Bob Feller,Eddie Collins,Frank Robinson,Greg Maddux,Joe Morgan,Sandy Koufax,Eddie Collins,Tris Speaker,Pete Alexander,Satchel Paige,Randy Johnson,Nap Lajoie,Pete Alexander,Christy Mathewson,Jimmie Foxx,Roger Clemens,Mel Ott,Eddie Collins,Bob Gibson,Tom Seaver,Pedro Martinez,Albert Pujols,George Brett,Christy Mathewson,Warren Spahn,Pedro Martinez,Randy Johnson,Jimmie Foxx,Cal Ripken,Tom Seaver,Joe DiMaggio,Frank Robinson,Eddie Mathews,Tom Seaver,Nap Lajoie,Christy Mathewson,Greg Maddux,Joe DiMaggio,Alex Rodriguez,Mel Ott,Pete Alexander,Alex Rodriguez,Tom Seaver,Johnny Bench,Tom Seaver,Joe Morgan,Joe Morgan,Pete Alexander,Albert Pujols,Joe DiMaggio,Jimmie Foxx,Rickey Henderson,Lou Brock,George Brett,Cap Anson,Greg Maddux,Johnny Bench,Lefty Grove,Pedro Martinez,Joe DiMaggio,Nap Lajoie,Joe DiMaggio,Eddie Collins,Pete Alexander,Tom Seaver,Mel Ott,Carl Yastrzemski,Tom Seaver,Satchel Paige,Pete Alexander,George Brett,Satchel Paige,Satchel Paige,Joe DiMaggio,Pop Lloyd,Cal Ripken,Frank Robinson,Joe Morgan
31,Bob Gibson,Pete Rose,Al Kaline,Jimmie Foxx,Lefty Grove,Eddie Collins,Nap Lajoie,Mike Schmidt,Albert Pujols,George Brett,Randy Johnson,Pete Alexander,Eddie Collins,Jimmie Foxx,George Brett,Pete Alexander,George Brett,Jackie Robinson,Christy Mathewson,Alex Rodriguez,Randy Johnson,Cy Young,Jackie Robinson,Jimmie Foxx,Randy Johnson,Joe Morgan,Mike Schmidt,Tom Seaver,Lefty Grove,Cal Ripken,Satchel Paige,Frank Robinson,Joe Morgan,Bob Gibson,Albert Pujols,Alex Rodriguez,Mike Schmidt,Mike Schmidt,Eddie Collins,Tom Seaver,Bob Gibson,Jimmie Foxx,Yogi Berra,Mel Ott,Randy Johnson,Jimmie Foxx,Jackie Robinson,Mel Ott,Eddie Collins,Eddie Mathews,Tom Seaver,Randy Johnson,Joe DiMaggio,Roberto Clemente,Frank Robinson,Bob Gibson,Rickey Henderson,Lefty Grove,Lefty Grove,Yogi Berra,Cal Ripken,Jackie Robinson,Albert Pujols,Cy Young,Johnny Bench,Jackie Robinson,Albert Pujols,Pete Rose,Johnny Bench,Cal Ripken,Roberto Clemente,Frank Robinson,Jackie Robinson,Jimmie Foxx,Rogers Hornsby,Warren Spahn,Joe DiMaggio,Christy Mathewson,Christy Mathewson,Alex Rodriguez,Christy Mathewson,Pete Alexander,Rogers Hornsby,Cal Ripken,Jimmie Foxx,Warren Spahn,Tris Speaker,Stan Musial,Eddie Mathews,Mordecai Brown,Christy Mathewson,Tom Seaver,Roger Clemens,Cal Ripken,Mike Schmidt,Alex Rodriguez,Cal Ripken,Oscar Charleston,Johnny Bench,Eddie Mathews,Joe Morgan,Roberto Clemente,Albert Pujols,Jackie Robinson,Jimmie Foxx,Tom Seaver,Oscar Charleston,Mel Ott,Pete Alexander,Tom Seaver,Alex Rodriguez,Johnny Bench,Lefty Grove
32,Roberto Clemente,Eddie Mathews,Mike Schmidt,Phil Niekro,Cal Ripken,Jimmie Foxx,Johnny Bench,Joe Morgan,Mike Piazza,Albert Pujols,Mike Schmidt,Cal Ripken,Pedro Martinez,Albert Pujols,Yogi Berra,Nap Lajoie,Joe DiMaggio,Bob Gibson,Nap Lajoie,Jackie Robinson,Nap Lajoie,Alex Rodriguez,Eddie Mathews,Albert Pujols,Frank Robinson,Bob Gibson,Mel Ott,Lefty Grove,Nap Lajoie,Roberto Clemente,Greg Maddux,Johnny Bench,Roberto Clemente,Roberto Clemente,Lefty Grove,Cy Young,Jimmie Foxx,George Brett,Satchel Paige,Randy Johnson,Carl Yastrzemski,Tom Seaver,Christy Mathewson,Jackie Robinson,Mike Schmidt,Jackie Robinson,Pedro Martinez,Tom Seaver,Carl Yastrzemski,Carl Yastrzemski,Carl Yastrzemski,Christy Mathewson,Lefty Grove,Cal Ripken,Martin Dihigo,Joe DiMaggio,Carl Yastrzemski,Johnny Bench,Jackie Robinson,Satchel Paige,Joe DiMaggio,Jimmie Foxx,George Brett,Pop Lloyd,Bob Gibson,Cap Anson,Nap Lajoie,Pete Alexander,Mel Ott,Albert Pujols,Mel Ott,Bob Feller,Mel Ott,Roberto Clemente,Jimmie Foxx,Nap Lajoie,Eddie Collins,Mel Ott,Frank Robinson,Pete Alexander,Frank Robinson,Joe DiMaggio,Johnny Bench,Alex Rodriguez,George Brett,Tom Seaver,Carl Yastrzemski,Pete Rose,Roberto Clemente,Satchel Paige,Roger Clemens,Mike Schmidt,Randy Johnson,Frank Robinson,Jimmie Foxx,Lefty Grove,Lefty Grove,Christy Mathewson,Lefty Grove,Albert Pujols,Cal Ripken,Joe DiMaggio,Randy Johnson,Joe DiMaggio,Johnny Bench,Eddie Collins,Eddie Mathews,Rickey Henderson,Pedro Martinez,Johnny Bench,Jackie Robinson,Pedro Martinez,Pop Lloyd
33,Mel Ott,Warren Spahn,Cal Ripken,Eddie Mathews,Bob Gibson,Johnny Bench,Albert Pujols,Jimmie Foxx,Jimmie Foxx,Frank Robinson,Frank Robinson,Lou Gehrig,Joe Morgan,Randy Johnson,Roberto Clemente,Christy Mathewson,Jimmie Foxx,Josh Gibson,Satchel Paige,Frank Robinson,Yogi Berra,Joe DiMaggio,Rickey Henderson,Warren Spahn,Albert Pujols,George Brett,Nap Lajoie,Jimmie Foxx,Carl Yastrzemski,Bob Gibson,Lefty Grove,Jimmie Foxx,Satchel Paige,Al Kaline,Alex Rodriguez,George Brett,Carl Yastrzemski,Eddie Collins,Lefty Grove,Eddie Mathews,Alex Rodriguez,Mel Ott,Carl Yastrzemski,Pete Rose,Christy Mathewson,Eddie Collins,Bob Gibson,Pop Lloyd,Cal Ripken,Cal Ripken,Cal Ripken,Joe Morgan,Tom Seaver,Pete Rose,Cal Ripken,Christy Mathewson,Frank Robinson,Tom Seaver,Pete Rose,Frank Robinson,Jimmie Foxx,Carl Yastrzemski,Jackie Robinson,Albert Pujols,Pete Rose,Joe Morgan,Yogi Berra,Cal Ripken,Greg Maddux,Tris Speaker,Bob Feller,Pete Rose,Jimmie Foxx,Bob Gibson,Yogi Berra,Sammy Sosa,Frank Robinson,Jimmie Foxx,Cal Ripken,Carl Yastrzemski,Mel Ott,Albert Pujols,Eddie Mathews,Pedro Martinez,Mel Ott,Joe Morgan,Pete Alexander,Sandy Koufax,Al Kaline,Eddie Collins,Mike Schmidt,George Brett,Jackie Robinson,Bob Gibson,Eddie Collins,Christy Mathewson,Jimmie Foxx,Lefty Grove,Joe Morgan,Christy Mathewson,George Brett,Mel Ott,Jackie Robinson,Cap Anson,Warren Spahn,Cy Young,Cal Ripken,Eddie Mathews,Frank Robinson,Cy Young,Sandy Koufax,Jimmie Foxx,Eddie Mathews
34,Pete Rose,Carl Yastrzemski,George Brett,Carl Yastrzemski,Cap Anson,Albert Pujols,Cal Ripken,Eddie Collins,Mel Ott,Pete Rose,Mel Ott,Jimmie Foxx,Frank Robinson,Rickey Henderson,Jackie Robinson,Frank Robinson,Rickey Henderson,Yogi Berra,Greg Maddux,Johnny Bench,Warren Spahn,Johnny Bench,Joe DiMaggio,Roberto Clemente,Eddie Mathews,Joe DiMaggio,Joe Morgan,Christy Mathewson,Eddie Mathews,Mel Ott,Jimmie Foxx,Oscar Charleston,Pedro Martinez,Alex Rodriguez,Joe DiMaggio,Pete Alexander,Warren Spahn,Nap Lajoie,Joe DiMaggio,Cal Ripken,Al Kaline,Pete Alexander,Alex Rodriguez,Cy Young,Jimmie Foxx,Pete Alexander,Carl Yastrzemski,Albert Pujols,Nap Lajoie,George Brett,Frank Robinson,Nap Lajoie,Pedro Martinez,Mel Ott,Christy Mathewson,Lefty Grove,Sandy Koufax,Cal Ripken,Mike Schmidt,Tom Seaver,Satchel Paige,Bob Gibson,Cap Anson,Jimmie Foxx,Yogi Berra,Oscar Charleston,Mike Schmidt,Jimmie Foxx,Pete Alexander,Randy Johnson,Joe Morgan,Pete Alexander,Carl Yastrzemski,Rogers Hornsby,Greg Maddux,Johnny Bench,Satchel Paige,Frank Robinson,Eddie Mathews,Roger Clemens,Jimmie Foxx,Cy Young,Nap Lajoie,Jimmie Foxx,Johnny Bench,Mel Ott,Johnny Bench,Randy Johnson,Randy Johnson,Sandy Koufax,Nap Lajoie,Alex Rodriguez,Joe Morgan,Eddie Collins,Tris Speaker,Carl Yastrzemski,Warren Spahn,Albert Pujols,Randy Johnson,George Brett,Johnny Bench,Johnny Bench,Jimmie Foxx,Pete Alexander,Alex Rodriguez,Frank Robinson,Cap Anson,Frank Robinson,Warren Spahn,Mel Ott,Eddie Collins,Joe Morgan,George Brett
35,Eddie Mathews,Tom Seaver,Rube Waddell,Cal Ripken,Al Kaline,Mel Ott,Jimmie Foxx,Pete Rose,Joe Morgan,Joe Morgan,Nap Lajoie,Bob Gibson,Mel Ott,Mel Ott,Eddie Mathews,Mike Schmidt,Al Kaline,Christy Mathewson,Pete Rose,Christy Mathewson,Pedro Martinez,Mel Ott,Cal Ripken,Carl Yastrzemski,Nap Lajoie,Mel Ott,Carl Yastrzemski,Eddie Mathews,Christy Mathewson,Pete Rose,Albert Pujols,Bob Gibson,Bob Gibson,Cal Ripken,Christy Mathewson,Rogers Hornsby,Phil Niekro,Mel Ott,Cal Ripken,Christy Mathewson,Albert Pujols,Bob Gibson,Pete Rose,Pedro Martinez,Albert Pujols,Roberto Clemente,Albert Pujols,Johnny Bench,Warren Spahn,Al Kaline,Roberto Clemente,Jimmie Foxx,Bob Gibson,Carl Yastrzemski,Ray Dandridge,Joe Morgan,Oscar Charleston,Mel Ott,Roberto Clemente,George Brett,Nap Lajoie,Eddie Mathews,Eddie Mathews,Tom Seaver,Warren Spahn,Cal Ripken,Johnny Bench,Carl Yastrzemski,Cal Ripken,Christy Mathewson,Johnny Bench,George Brett,Eddie Collins,Mike Schmidt,Bob Gibson,Pete Rose,Nap Lajoie,Joe Morgan,Cy Young,Joe Morgan,Pedro Martinez,Warren Spahn,Josh Gibson,Christy Mathewson,Yogi Berra,Joe DiMaggio,Eddie Collins,Roberto Clemente,Lefty Grove,Jimmie Foxx,Jimmie Foxx,Pete Rose,Nap Lajoie,Oscar Charleston,Carl Yastrzemski,Mel Ott,Eddie Mathews,Carl Yastrzemski,Jackie Robinson,Joe DiMaggio,Lefty Grove,Yogi Berra,Warren Spahn,Yogi Berra,Christy Mathewson,Jackie Robinson,Al Kaline,Warren Spahn,Jimmie Foxx,Jackie Robinson,Greg Maddux,Cal Ripken,Tom Seaver
36,Carl Yastrzemski,Nap Lajoie,Roberto Clemente,Roberto Clemente,Christy Mathewson,Pedro Martinez,Mel Ott,Cal Ripken,Johnny Bench,Al Kaline,Albert Pujols,Pedro Martinez,George Brett,George Brett,Eddie Collins,George Brett,Jackie Robinson,Eddie Mathews,Eddie Mathews,Bob Gibson,Alex Rodriguez,Frank Robinson,Frank Robinson,Cal Ripken,Cal Ripken,Randy Johnson,Cal Ripken,Johnny Bench,Cal Ripken,Josh Gibson,Cal Ripken,Warren Spahn,Joe DiMaggio,Rickey Henderson,Jimmie Foxx,Sandy Koufax,Eddie Mathews,Joe Morgan,Pedro Martinez,Roberto Clemente,George Brett,Eddie Mathews,Warren Spahn,Johnny Bench,George Brett,Bob Gibson,Jimmie Foxx,George Brett,Eddie Mathews,Warren Spahn,Jimmie Foxx,Cal Ripken,Nap Lajoie,Eddie Mathews,Joe DiMaggio,Ed Walsh,Bob Gibson,Pete Alexander,Mel Ott,Sandy Koufax,Randy Johnson,Nap Lajoie,Nap Lajoie,Al Kaline,Lefty Grove,Mike Schmidt,Pete Alexander,Tris Speaker,Warren Spahn,Mel Ott,George Brett,Alex Rodriguez,Albert Pujols,Randy Johnson,Cal Ripken,Cal Ripken,George Brett,Pop Lloyd,Jimmie Foxx,Mike Schmidt,Albert Pujols,Mel Ott,Martin Dihigo,Mel Ott,Warren Spahn,Eddie Collins,Albert Pujols,Oscar Charleston,Christy Mathewson,Home Run Baker,Rickey Henderson,Pete Alexander,Greg Maddux,Albert Pujols,Greg Maddux,Sandy Koufax,Satchel Paige,Johnny Bench,Sandy Koufax,Frank Robinson,Eddie Mathews,George Brett,Mel Ott,Lefty Grove,Bob Gibson,Bob Gibson,Bob Gibson,Joe DiMaggio,Oscar Charleston,Roberto Clemente,Bob Gibson,Mike Schmidt,Roberto Clemente
37,Pedro Martinez,Yogi Berra,Whitey Ford,Cap Anson,Fergie Jenkins,George Brett,Christy Mathewson,George Brett,Pete Rose,Jimmie Foxx,Satchel Paige,Christy Mathewson,Roberto Clemente,Joe DiMaggio,Warren Spahn,Jimmie Foxx,Tom Seaver,Warren Spahn,Bob Gibson,Cy Young,Frank Robinson,Bob Gibson,Christy Mathewson,Jackie Robinson,George Brett,Pedro Martinez,Jackie Robinson,Larry Doby,Yogi Berra,Carl Yastrzemski,Tom Seaver,Roberto Clemente,Pete Rose,Sandy Koufax,Pop Lloyd,Jimmie Foxx,Nap Lajoie,Tim Keefe,Mel Ott,Nap Lajoie,Josh Gibson,Pete Rose,Nap Lajoie,Tom Seaver,Cal Ripken,Mel Ott,Frank Robinson,Cal Ripken,Roberto Clemente,Sandy Koufax,Josh Gibson,Roberto Clemente,Jimmie Foxx,Pedro Martinez,Yogi Berra,Albert Pujols,Carlos Beltran,Bob Gibson,Jimmie Foxx,Joe DiMaggio,Christy Mathewson,Joe DiMaggio,Christy Mathewson,Warren Spahn,Eddie Mathews,Jimmie Foxx,Bob Gibson,Roberto Clemente,Bob Gibson,Joe DiMaggio,Juan Marichal,Nap Lajoie,Roberto Clemente,Christy Mathewson,Warren Spahn,Pedro Martinez,Johnny Bench,Joe DiMaggio,Josh Gibson,Yogi Berra,Sandy Koufax,Cal Ripken,Pedro Martinez,Cy Young,George Sisler,Eddie Mathews,Mel Ott,George Brett,Joe DiMaggio,Al Kaline,Johnny Bench,Josh Gibson,Carl Hubbell,Joe Morgan,Cal Ripken,Albert Pujols,Johnny Bench,Mel Ott,Pedro Martinez,Satchel Paige,Christy Mathewson,Bob Gibson,Nap Lajoie,Randy Johnson,Eddie Collins,Cal Ripken,Warren Spahn,Josh Gibson,George Brett,Yogi Berra,Satchel Paige,Jackie Robinson,Jimmie Foxx
38,Eddie Collins,Christy Mathewson,Rickey Henderson,Albert Pujols,Pedro Martinez,Jackie Robinson,Pedro Martinez,Tris Speaker,George Brett,Joe DiMaggio,Eddie Mathews,Nap Lajoie,Warren Spahn,Bob Gibson,Cal Ripken,Warren Spahn,Frank Robinson,Jimmie Foxx,Eddie Collins,Harry Heilmann,Bob Gibson,Albert Pujols,George Brett,Cap Anson,Alex Rodriguez,Nap Lajoie,Roberto Clemente,Carl Yastrzemski,Pop Lloyd,Eddie Mathews,Mike Schmidt,Sandy Koufax,Albert Pujols,Randy Johnson,Cal Ripken,Randy Johnson,Mel Ott,Warren Spahn,George Brett,Cap Anson,Satchel Paige,Carl Yastrzemski,Roy Halladay,Randy Johnson,Roberto Clemente,Carl Yastrzemski,Christy Mathewson,Jackie Robinson,Johnny Bench,Cap Anson,Bob Feller,Al Kaline,Mel Ott,Sandy Koufax,Warren Spahn,Juan Marichal,Satchel Paige,Pete Rose,Warren Spahn,Jackie Robinson,Mel Ott,George Brett,Joe DiMaggio,Randy Johnson,Pedro Martinez,Randy Johnson,Cy Young,Johnny Bench,Lefty Grove,Pedro Martinez,Randy Johnson,Warren Spahn,Al Kaline,Johnny Bench,Mule Suttles,George Brett,Pedro Martinez,Jackie Robinson,Albert Pujols,Sandy Koufax,Cal Ripken,George Brett,Albert Pujols,Carl Yastrzemski,Cal Ripken,Johnny Bench,Alex Rodriguez,Cal Ripken,Albert Pujols,Pedro Martinez,Sandy Koufax,Carl Yastrzemski,Mel Ott,Jim Palmer,George Brett,Jimmie Foxx,Pedro Martinez,Cy Young,Albert Pujols,Eddie Collins,Pop Lloyd,Lefty Grove,Roberto Clemente,Bob Feller,Yogi Berra,Pop Lloyd,Albert Pujols,Joe Morgan,Mel Ott,Christy Mathewson,George Brett,Dan Brouthers,Cal Ripken
39,Sandy Koufax,Mule Suttles,Jim Palmer,Al Kaline,Albert Pujols,Nap Lajoie,George Brett,Carl Yastrzemski,Rickey Henderson,Cal Ripken,Lefty Grove,Carl Yastrzemski,Johnny Bench,Carl Yastrzemski,Pete Rose,Martin Dihigo,Oscar Charleston,Cal Ripken,Randy Johnson,Bob Feller,Jimmie Foxx,Warren Spahn,Pedro Martinez,Bob Gibson,Carl Yastrzemski,Cal Ripken,Sandy Koufax,Bob Gibson,Joe DiMaggio,Warren Spahn,Alex Rodriguez,Yogi Berra,Mel Ott,Nap Lajoie,Carl Yastrzemski,Cal Ripken,Jackie Robinson,Johnny Bench,Bob Gibson,George Brett,Bob Feller,Christy Mathewson,Cal Ripken,Christy Mathewson,Bob Feller,Christy Mathewson,George Brett,Eddie Mathews,Albert Pujols,Pedro Martinez,Pete Rose,Eddie Mathews,Christy Mathewson,Eddie Collins,Jackie Robinson,Eddie Mathews,Cy Young,Christy Mathewson,Yogi Berra,Paul Molitor,Roberto Clemente,Johnny Bench,Johnny Bench,Carl Yastrzemski,Sandy Koufax,Satchel Paige,Pedro Martinez,Bob Gibson,Albert Pujols,Eddie Mathews,Fergie Jenkins,Cal Ripken,Pedro Martinez,Cal Ripken,Christy Mathewson,Jackie Robinson,Roberto Clemente,Johnny Bench,Bob Gibson,Warren Spahn,Bob Gibson,Yogi Berra,Sandy Koufax,Johnny Bench,Eddie Mathews,Jackie Robinson,Nap Lajoie,Pedro Martinez,Warren Spahn,Bob Feller,Jackie Robinson,Al Kaline,Cal Ripken,Pop Lloyd,Bob Feller,Bob Gibson,Pete Alexander,Roberto Clemente,Jimmie Foxx,Yogi Berra,Jackie Robinson,Carlton Fisk,Bob Gibson,Al Kaline,Nap Lajoie,Mel Ott,Josh Gibson,Pedro Martinez,Christy Mathewson,Roger Clemens,Jimmie Foxx,George Brett,Mike Piazza
40,Warren Spahn,Johnny Bench,Mickey Mantle,Bob Gibson,Don Sutton,Cal Ripken,Jackie Robinson,Roberto Clemente,Mike Trout,Carl Yastrzemski,Pedro Martinez,Johnny Bench,Nap Lajoie,Bob Feller,Satchel Paige,Omar Linares,Pete Rose,Nap Lajoie,Sandy Koufax,Eddie Collins,Eddie Mathews,Eddie Mathews,Nap Lajoie,Joe DiMaggio,Warren Spahn,Albert Pujols,Johnny Bench,Joe DiMaggio,Warren Spahn,Pedro Martinez,Bob Gibson,Pete Alexander,Lefty Grove,Eddie Collins,Johnny Bench,Warren Spahn,Al Kaline,Roberto Clemente,Yogi Berra,Bob Gibson,Tris Speaker,Johnny Bench,Roberto Clemente,Nap Lajoie,Cap Anson,George Brett,Joe DiMaggio,Pedro Martinez,Bob Feller,Johnny Bench,Eddie Mathews,Carl Yastrzemski,Cal Ripken,Al Kaline,Cristobal Torriente,Cal Ripken,Carlton Fisk,Eddie Mathews,Johnny Bench,Ivan Rodriguez,Yogi Berra,Warren Spahn,Pedro Martinez,Johnny Bench,Nap Lajoie,Yogi Berra,Mel Ott,Sandy Koufax,Pedro Martinez,Warren Spahn,Carl Yastrzemski,Jackie Robinson,Kid Nichols,George Brett,Carl Yastrzemski,Mel Ott,Carl Yastrzemski,Roberto Clemente,Nap Lajoie,George Brett,Carl Yastrzemski,Tris Speaker,Carl Yastrzemski,Eddie Mathews,Roger Clemens,Mike Piazza,Randy Johnson,Cap Anson,Pete Rose,Pete Rose,George Brett,Lefty Grove,Carl Yastrzemski,Alex Rodriguez,Mel Ott,Roberto Clemente,Albert Pujols,Pete Rose,George Brett,Warren Spahn,Nap Lajoie,Randy Johnson,Eddie Mathews,Alex Rodriguez,Albert Pujols,Carl Yastrzemski,Phil Niekro,Phil Niekro,Eddie Mathews,Eddie Mathews,Cy Young,Eddie Mathews,Randy Johnson
41,Al Kaline,Bob Gibson,John Smoltz,Eddie Plank,Roger Connor,Warren Spahn,Warren Spahn,Warren Spahn,Carl Yastrzemski,Randy Johnson,Jimmie Foxx,Pete Rose,Bob Gibson,Johnny Bench,Pedro Martinez,Bob Feller,Johnny Bench,Pedro Martinez,Mel Ott,Mel Ott,Carl Yastrzemski,Mike Piazza,Bob Gibson,Oscar Charleston,Johnny Bench,Al Kaline,Oscar Charleston,Albert Pujols,Roberto Clemente,Eddie Collins,Roberto Clemente,Eddie Mathews,Gary Carter,Yogi Berra,Yogi Berra,Frank Robinson,Greg Maddux,Bob Gibson,Albert Pujols,Albert Pujols,Manny Ramirez,Cal Ripken,Rickey Henderson,Bob Gibson,Johnny Bench,Lefty Grove,Pop Lloyd,Alex Rodriguez,Oscar Charleston,Pete Rose,Joe DiMaggio,Warren Spahn,Eddie Mathews,Nap Lajoie,Pete Alexander,George Brett,Al Kaline,Carl Yastrzemski,Joe Morgan,Ralph Kiner,Pete Rose,Alex Rodriguez,Frank Robinson,Yogi Berra,Pete Alexander,Alex Rodriguez,Lefty Grove,Yogi Berra,Joe DiMaggio,Sandy Koufax,Pete Rose,Bob Gibson,Eddie Mathews,Warren Spahn,Sandy Koufax,Yogi Berra,Warren Spahn,Warren Spahn,Roberto Clemente,Tris Speaker,Johnny Bench,Eddie Collins,Pete Rose,George Brett,Albert Pujols,George Brett,Pedro Martinez,Albert Pujols,Johnny Bench,Jim Palmer,Cal Ripken,Harry Heilmann ,Rickey Henderson,George Brett,Oscar Charleston,Joe DiMaggio,Carl Yastrzemski,Sandy Koufax,Al Kaline,Lefty Grove,Tom Seaver,Cal Ripken,Carl Yastrzemski,Carl Yastrzemski,Jackie Robinson,Eddie Mathews,Fergie Jenkins,Roberto Clemente,Pete Rose,Randy Johnson,Carl Hubbell,Carl Yastrzemski,Warren Spahn
42,Lefty Grove,Cal Ripken,Eddie Mathews,George Brett,George Brett,Bob Gibson,Yogi Berra,Oscar Charleston,Roberto Clemente,Yogi Berra,Jackie Robinson,Mel Ott,Jackie Robinson,Nap Lajoie,Randy Johnson,Cal Ripken,Ivan Rodriguez,Roberto Clemente,Jackie Robinson,Pedro Martinez,Mel Ott,Christy Mathewson,Roberto Clemente,Pedro Martinez,Al Kaline,Jackie Robinson,Albert Pujols,Cap Anson,Al Kaline,Yogi Berra,Randy Johnson,Lefty Grove,Cal Ripken,George Brett,Eddie Mathews,Christy Mathewson,Cal Ripken,Eddie Mathews,Carlton Fisk,Oscar Charleston,Jackie Robinson,Jackie Robinson,Eddie Mathews,Cal Ripken,Pete Rose,Cal Ripken,Johnny Bench,Pete Rose,Pedro Martinez,Bob Gibson,Jackie Robinson,Johnny Bench,Johnny Bench,Bob Feller,Mel Ott,Cap Anson,Jackie Robinson,Jackie Robinson,George Brett,Larry Doby,Jackie Robinson,Albert Pujols,Cal Ripken,Eddie Mathews,Eddie Collins,Mel Ott,Warren Spahn,Jackie Robinson,Jackie Robinson,Carl Yastrzemski,Pete Alexander,George Sisler,Pete Alexander,Pete Alexander,Pete Rose,Satchel Paige,Jackie Robinson,Bob Gibson,Al Kaline,Whitey Ford,Roberto Clemente,Sandy Koufax,Cal Ripken,Jackie Robinson,Jackie Robinson,Mordecai Brown,Pete Rose,Alex Rodriguez,Pedro Martinez,Jackie Robinson,Bob Gibson,Sandy Koufax,Alex Rodriguez,Jackie Robinson,Pete Rose,George Brett,Jackie Robinson,Jimmie Foxx,Bob Gibson,Mel Ott,Pete Alexander,Pedro Martinez,George Brett,Sandy Koufax,George Brett,Randy Johnson,Casey,Jackie Robinson,Carl Yastrzemski,Mule Suttles,Eddie Mathews,Joe DiMaggio,Nap Lajoie
43,Nap Lajoie,Roger Clemens,Addie Joss,Tim Keefe,George Davis,Roberto Clemente,Eddie Mathews,Bob Gibson,Cap Anson,Oscar Charleston,Johnny Bench,Sandy Koufax,Pete Rose,Cal Ripken,Carl Yastrzemski,Al Kaline,Roberto Clemente,Eddie Collins,Carl Yastrzemski,Yogi Berra,Albert Pujols,George Brett,Johnny Bench,Johnny Bench,Roberto Clemente,Carl Yastrzemski,Jimmie Foxx,Al Kaline,Phil Niekro,Lefty Grove,Eddie Mathews,Mel Ott,Al Kaline,Mickey Mantle,Bob Feller,Tris Speaker,Cap Anson,Al Kaline,Bob Feller,Eddie Collins,Yogi Berra,Pedro Martinez,Mike Piazza,Roberto Clemente,Carl Yastrzemski,Eddie Mathews,Mel Ott,Nap Lajoie,Joe DiMaggio,Josh Gibson,Cap Anson,Pop Lloyd,Roberto Clemente,Lefty Grove,Pete Rose,Fergie Jenkins,Alex Rodriguez,Roberto Clemente,Nap Lajoie,Lou Brock,Bob Feller,Roberto Clemente,Tom Seaver,Nap Lajoie,Cal Ripken,Pedro Martinez,George Brett,Cap Anson,Carl Yastrzemski,Gary Carter,Eddie Mathews,Lou Brock,Bob Gibson,Al Kaline,Bob Feller,Jim Thome,Cal Ripken,Carl Yastrzemski,Warren Spahn,Bob Gibson,Warren Spahn,Bob Gibson,Roberto Clemente,Pete Rose,Pop Lloyd,Yogi Berra,Lefty Grove,Josh Gibson,Bob Gibson,Pud Galvin,Pete Rose,Cal Ripken,Pete Rose,Rickey Henderson,Gary Carter,Cal Ripken,George Brett,Jackie Robinson,Cal Ripken,Roberto Clemente,Carl Yastrzemski,Al Kaline,Pedro Martinez,Pedro Martinez,Pedro Martinez,Roberto Clemente,Pete Rose,Cal Ripken,Mike Piazza,Nap Lajoie,Christy Mathewson,Pete Alexander,Al Kaline
44,Pete Alexander,Sandy Koufax,Carl Yastrzemski,Fergie Jenkins,Joe DiMaggio,Carl Yastrzemski,Bob Gibson,Bob Feller,Mordecai Brown,Eddie Collins,Warren Spahn,Roberto Clemente,Pop Lloyd,Roberto Clemente,Nap Lajoie,Joe DiMaggio,Eddie Collins,George Brett,Cal Ripken,Pop Lloyd,Joe Morgan,Roberto Clemente,Pop Lloyd,George Brett,Bob Gibson,Pete Rose,Eddie Mathews,Warren Spahn,Bob Gibson,Sandy Koufax,Mel Ott,Cal Ripken,Jackie Robinson,Pedro Martinez,Sandy Koufax,Mel Ott,Albert Pujols,Pedro Martinez,Roberto Clemente,Carl Yastrzemski,Dave Winfield,Warren Spahn,Eddie Collins,Eddie Mathews,Lefty Grove,Warren Spahn,Warren Spahn,Carl Yastrzemski,Pete Rose,Jackie Robinson,George Brett,Jackie Robinson,Warren Spahn,Satchel Paige,Sandy Koufax,Roberto Clemente,Luis Aparicio,Pedro Martinez,Bob Gibson,Pedro Martinez,Phil Niekro,Sandy Koufax,Carl Yastrzemski,Christy Mathewson,Mel Ott,Carl Yastrzemski,Eddie Mathews,Nap Lajoie,Ivan Rodriguez,Al Kaline,Lefty Grove,Mickey Cochrane,Warren Spahn,Carl Yastrzemski,Cristobal Torriente,Jimmie Foxx,Bob Feller,Cal Ripken,Pedro Martinez,Mike Piazza,Joe DiMaggio,Eddie Mathews,Al Kaline,Bob Gibson,Mike Piazza,Roberto Clemente,Christy Mathewson,Al Kaline,Sandy Koufax,George Brett,Eddie Mathews,Joe Morgan,Eddie Collins,Roberto Clemente,Al Kaline,Randy Johnson,Bob Gibson,Carl Hubbell,Tim Keefe,Nap Lajoie,Bob Gibson,Sandy Koufax,Sandy Koufax,Christy Mathewson,Pop Lloyd,Pedro Martinez,Eddie Plank,Carl Yastrzemski,Al Kaline,Greg Maddux,Mel Ott,Pete Rose,Pete Rose
45,Jackie Robinson,Bob Feller,Phil Niekro,George Davis,Mike Mussina,Pete Rose,Roberto Clemente,Phil Niekro,Lefty Grove,Cap Anson,Al Kaline,Yogi Berra,Carl Yastrzemski,Warren Spahn,Bob Gibson,Sandy Koufax,Sandy Koufax,Mel Ott,Cap Anson,Pete Alexander,George Brett,Al Kaline,Bob Feller,Pete Rose,Jackie Robinson,Eddie Mathews,George Brett,Roberto Clemente,George Brett,Pete Alexander,Warren Spahn,Carl Yastrzemski,George Brett,Jackie Robinson,Bob Gibson,Nap Lajoie,Alex Rodriguez,Bob Feller,Al Kaline,Pete Rose,Mike Piazza,Nap Lajoie,Bob Gibson,Yogi Berra,Bob Gibson,Pop Lloyd,Phil Niekro,Warren Spahn,George Brett,Bob Feller,Bob Gibson,Bob Gibson,Sandy Koufax,Warren Spahn,Roberto Clemente,John Clarkson,Jimmie Foxx,Warren Spahn,Eddie Mathews,Johnny Bench,Al Kaline,Yogi Berra,Warren Spahn,Roberto Clemente,George Brett,Sandy Koufax,Carl Yastrzemski,Jim Palmer,Al Kaline,Carlton Fisk,Yogi Berra,Sandy Koufax,Nap Lajoie,Albert Pujols,Albert Pujols,Dave Winfield,Yogi Berra,George Brett,Jackie Robinson,Jackie Robinson,Eddie Mathews,Roberto Clemente,George Brett,Roberto Clemente,Carl Yastrzemski,Cal Ripken,Eddie Mathews,Ivan Rodriguez,Eddie Plank,Mel Ott,Randy Johnson,Jim Palmer,Mickey Cochrane,Al Kaline,Jim Palmer,Pete Rose,Roberto Clemente,Al Kaline,Eddie Mathews,Pete Alexander,Yogi Berra,Manny Ramirez,Cap Anson,Eddie Mathews,Sandy Koufax,Al Kaline,Pedro Martinez,George Brett,Carl Hubbell,Pedro Martinez,Carl Yastrzemski,Bob Feller,Yogi Berra
46,Yogi Berra,Cristobal Torriente,Ed Walsh,Roger Connor,Phil Niekro,Eddie Mathews,Carl Yastrzemski,Al Kaline,Pie Traynor,Lou Brock,Roberto Clemente,Mike Piazza,Cal Ripken,Cap Anson,Albert Pujols,Roberto Clemente,Pop Lloyd,Carl Yastrzemski,Rickey Henderson,Pete Rose,Pete Rose,Jackie Robinson,Carl Yastrzemski,Eddie Mathews,Pete Rose,Cap Anson,Pedro Martinez,Phil Niekro,Johnny Bench,Fergie Jenkins,Nap Lajoie,George Sisler,Nap Lajoie,Rogers Hornsby,Pedro Martinez,Pop Lloyd,Pete Rose,Phil Niekro,Eddie Mathews,Al Kaline,Mel Ott,Sandy Koufax,Randy Johnson,Warren Spahn,Eddie Mathews,Sandy Koufax,Roberto Clemente,Sandy Koufax,Sandy Koufax,Jim Palmer,Albert Pujols,George Brett,Carl Yastrzemski,Pete Alexander,Bob Feller,Warren Spahn,Torii Hunter,Nap Lajoie,Carl Yastrzemski,Carlton Fisk,George Brett,Pete Rose,Yogi Berra,Pete Rose,Roberto Clemente,George Brett,Randy Johnson,Carl Hubbell,Bob Feller,Jackie Robinson,Lou Brock,Carl Yastrzemski,Yogi Berra,Manny Ramirez,Nap Lajoie,Christy Mathewson,Al Kaline,Gary Carter,George Brett,Pedro Martinez,Pete Rose,Al Kaline,Bob Feller,Al Kaline,Eddie Collins,Sandy Koufax,Yogi Berra,Tris Speaker,Fergie Jenkins,Albert Pujols,Carl Yastrzemski,Pud Galvin,Mordecai Brown,Pete Rose,Roberto Clemente,Juan Marichal,Al Kaline,Bob Gibson,Carl Yastrzemski,Carl Yastrzemski,Al Kaline,Al Simmons,Bob Feller,Bob Gibson,Al Kaline,Pete Rose,George Brett,Al Kaline,Bob Feller,Mike Piazza,Nap Lajoie,Luke Appling,Carl Yastrzemski
47,Bob Feller,Home Run Baker,Eddie Plank,John Clarkson,Warren Spahn,Yogi Berra,Bob Feller,Sandy Koufax,Carlos Beltran,Rich Gossage,Carl Yastrzemski,Edgar Martinez,Al Kaline,Eddie Mathews,Mel Ott,Jackie Robinson,Albert Pujols,Fergie Jenkins,Bob Feller,Carl Yastrzemski,Sandy Koufax,Carl Yastrzemski,Mike Piazza,Yogi Berra,Sandy Koufax,Eddie Plank,Cap Anson,Fergie Jenkins,Pedro Martinez,George Sisler,George Brett,Pete Rose,Eddie Mathews,Mel Ott,Roberto Clemente,Eddie Mathews,Joe Morgan,Cap Anson,Christy Mathewson,Phil Niekro,Lefty Grove,Yogi Berra,Pop Lloyd,Sandy Koufax,Pedro Martinez,Nap Lajoie,Eddie Mathews,Bob Gibson,Al Kaline,Paul Molitor,Warren Spahn,Pete Rose,Yogi Berra,Mordecai Brown,Carl Hubbell,Johnny Bench,Vlad Guerrerro,Yogi Berra,Phil Niekro,Roberto Clemente,Albert Pujols,Cal Ripken,Bob Gibson,Sandy Koufax,Christy Mathewson,Bob Gibson,Cal Ripken,Cy Young,Nap Lajoie,Roberto Clemente,Carl Hubbell,Eddie Mathews,Satchel Paige,Jackie Robinson,Roberto Clemente,Carl Yastrzemski,Sandy Koufax,Eddie Mathews,Sandy Koufax,Pete Rose,George Brett,Jackie Robinson,Yogi Berra,Nap Lajoie,Randy Johnson,Juan Marichal,Sandy Koufax,Bob Gibson,Jim Palmer,Carl Yastrzemski,Carl Hubbell,Bill Dickey,Carlton Fisk,Phil Niekro,Albert Pujols,Gary Carter,Bob Feller,Bob Feller,Roberto Clemente,Bob Feller,Sandy Koufax,Pete Rose,Joe DiMaggio,Josh Gibson,Randy Johnson,Sandy Koufax,Roberto Clemente,Johnny Bench,Roberto Clemente,Sandy Koufax,Warren Spahn,Cap Anson,Sandy Koufax
48,Fergie Jenkins,Al Simmons,Carl Hubbell,Pedro Martinez,Roberto Clemente,Sandy Koufax,Al Kaline,Cap Anson,Luke Appling,Nap Lajoie,Cal Ripken,Pop Lloyd,Yogi Berra,Jackie Robinson,Bob Feller,Johnny Bench,Cal Ripken,Sandy Koufax,Carl Hubbell,Dave Winfield,Roberto Clemente,Yogi Berra,Warren Spahn,Roger Connor,Phil Niekro,Alex Rodriguez,Phil Niekro,Pedro Martinez,Pete Rose,Manny Ramirez,Pete Rose,Manny Ramirez,Warren Spahn,Mike Schmidt,Jackie Robinson,Roberto Clemente,Satchel Paige,Albert Pujols,Warren Spahn,Bob Feller,Eddie Mathews,Roberto Clemente,Bob Feller,Carl Yastrzemski,Jackie Robinson,Bob Feller,Bob Feller,Roberto Clemente,Carl Hubbell,Al Simmons,Al Kaline,Yogi Berra,George Brett,Carlton Fisk,George Sisler,Mike Schmidt,Jeff Kent,Sandy Koufax,Al Kaline,Fergie Jenkins,Carl Yastrzemski,Pop Lloyd,Sandy Koufax,Mike Piazza,Cap Anson,Pop Lloyd,Al Kaline,Mike Piazza,Oscar Charleston,Bob Gibson,Al Kaline,Joe Morgan,George Brett,Cap Anson,Mike Piazza,Roberto Clemente,Eddie Mathews,Cap Anson,Pete Rose,Mel Ott,Phil Niekro,Nap Lajoie,Bob Gibson,Pop Lloyd,Roberto Clemente,Carl Yastrzemski,Roberto Clemente,Eddie Collins,Carl Hubbell,Dave Winfield,Pop Lloyd,Bob Gibson,Ivan Rodriguez,Al Simmons,Randy Johnson,Cap Anson,Yogi Berra,Cal Ripken,Cristobal Torriente,Pete Rose,Roberto Clemente,Lou Brock,Cal Ripken,Juan Marichal,Roberto Clemente,Yogi Berra,Tim Keefe,Pete Rose,Yogi Berra,Al Kaline,Albert Pujols,Fergie Jenkins,Gary Carter
49,Juan Marichal,Mickey Cochrane,Jimmie Foxx,Mike Mussina,Pete Rose,Bob Feller,Pete Rose,Johnny Bench,Al Kaline,Lefty Grove,Pete Rose,Cap Anson,Bob Feller,Pete Rose,Sandy Koufax,Carl Yastrzemski,Carl Yastrzemski,Al Kaline,Al Kaline,Cal Ripken,Al Kaline,Pete Rose,Pete Rose,Fergie Jenkins,Yogi Berra,Paul Molitor,Al Kaline,Yogi Berra,Albert Pujols,Gary Carter,Al Kaline,Hank Greenberg ,Carlton Fisk,Juan Marichal,Warren Spahn,Cap Anson,Pie Traynor,Eddie Plank,Paul Molitor,Warren Spahn,Nap Lajoie,Al Kaline,Satchel Paige,Al Kaline,Sandy Koufax,Yogi Berra,Al Kaline,Yogi Berra,Lou Brock,Nap Lajoie,Pud Galvin,Mule Suttles,Al Kaline,Ralph Kiner,Eddie Mathews,Carl Yastrzemski,Phil Niekro,Al Kaline,Cal Ripken,Cap Anson,Cap Anson,Al Kaline,Pete Rose,Bob Feller,Carl Yastrzemski,Bill Dickey,Jimmie Foxx,George Brett,Sandy Koufax,Pete Rose,Cal Ripken,Al Kaline,Sandy Koufax,Eddie Mathews,Home Run Baker,Manny Ramirez,Pete Rose,Bob Feller,Bob Feller,Cal Ripken,Al Kaline,Carl Yastrzemski,Jackie Robinson,Yogi Berra,Al Kaline,Carl Hubbell,Warren Spahn,Nap Lajoie,Bob Feller,Eddie Mathews,Paul Molitor,Bob Feller,Dizzy Dean,Yogi Berra,Jackie Robinson,Eddie Mathews,Pete Rose,Eddie Plank,Phil Niekro,Mike Piazza,Pete Rose,Christy Mathewson,Al Kaline,Roberto Clemente,Pete Rose,Warren Spahn,Bob Feller,John Clarkson,Sandy Koufax,Bob Gibson,Mike Piazza,Carlton Fisk,Eddie Collins
50,Ivan Rodriguez,Roberto Clemente,Don Drysdale,Tom Glavine,Dan Brouthers,Al Kaline,Sandy Koufax,Jackie Robinson,Nap Lajoie,Johnny Bench,Cap Anson,Warren Spahn,Eddie Mathews,Sandy Koufax,Al Kaline,Jim Palmer,Gary Carter,Pete Rose,Roberto Clemente,Sandy Koufax,Cal Ripken,Cal Ripken,Carl Hubbell,Eddie Plank,Pop Lloyd,Luke Appling,Fergie Jenkins,George Brett,Cap Anson,Nap Lajoie,Phil Niekro,Nap Lajoie,Phil Niekro,Cap Anson,Pete Rose,Carl Yastrzemski,George Brett,Alex Rodriguez,Pete Rose,Carlton Fisk,Jim Palmer,Bob Feller,Sandy Koufax,Bob Feller,Paul Molitor,Pete Rose,Pete Rose,Bob Feller,Cap Anson,Yogi Berra,Alex Rodriguez,Pedro Martinez,Pete Rose,Al Simmons,George Brett,Mel Ott,Raul Ibanez,Bob Feller,Cap Anson,Dave Winfield,Eddie Mathews,Duane Kuiper,Roberto Clemente,Bob Gibson,Al Kaline,Pete Rose,Pete Rose,Al Kaline,Pete Rose,Cap Anson,Albert Pujols,Mel Ott,Pete Rose,Pete Rose,Pedro Martinez,Eddie Mathews,Bob Gibson,Phil Niekro,Yogi Berra,Juan Marichal,Bob Feller,Mike Piazza,Cap Anson,Bob Feller,Pete Rose,Pete Rose,Carlton Fisk,Carl Yastrzemski,Satchel Paige,Randy Johnson,Al Kaline,Jackie Robinson,Cap Anson,Gary Carter,Eddie Mathews,Paul Molitor,Sandy Koufax,Yogi Berra,Cap Anson,Carl Hubbell,Warren Spahn,Mike Piazza,Eddie Plank,Nap Lajoie,Eddie Mathews,Nap Lajoie,Joe DiMaggio,Gary Carter,Cap Anson,Albert Pujols,Cap Anson,Manny Ramirez,Al Simmons
,,,,,,,,,,,,,,,,,,,,,,,,,,,,,,,,,,,,,,,,,,,,,,,,,,,,,,,,,,,,,,,,,,,,,,,,,,,,,,,,,,,,,,,,,,,,,,,,,,,,,,,,,,,,,,,,,
Tie (1),,,,,,Roberto Clemente,Josh Gibson,Johnny Bench,Joe Morgan,Jackie Robinson,Bob Gibson,Johnny Bench,Roger Clemens,Yogi Berra,Al Kaline,Roger Clemens,Mule Suttles,Mickey Mantle,Roberto Clemente,Al Kaline,Cal Ripken,Roberto Clemente,Roberto Clemente,Josh Gibson,Roberto Clemente,Josh Gibson,Sandy Koufax,Tom Seaver,Roberto Clemente,Sandy Koufax,Stan Musial,Alex Rodriguez,Ivan Rodriguez,Albert Pujols,George Brett,Eddie Collins,Roger Clemens,George Brett,Mike Trout,Frank Robinson,Josh Gibson,Babe Ruth,Ted Williams,Christy Mathewson,Roger Clemens,Roberto Clemente,Greg Maddux,Oscar Charleston,Cap Anson,Jim Palmer,Satchel Paige,Roberto Clemente,Roberto Clemente,Lou Gehrig,Eddie Mathews,George Brett,Josh Gibson,Roberto Clemente,Satchel Paige,Larry Doby,Babe Ruth,Warren Spahn,Johnny Bench,Warren Spahn,Albert Pujols,Pete Rose,George Brett,Jimmie Foxx,Josh Gibson,Gary Carter,Barry Bonds,Eddie Collins,Roberto Clemente,Pete Rose,Sandy Koufax,Al Kaline,Roberto Clemente,Roberto Clemente,Roberto Clemente,Cap Anson,Honus Wagner,Al Kaline,Jimmie Foxx,Roberto Clemente,Johnny Bench,Albert Pujols,Carlton Fisk,Albert Pujols,Al Kaline,Jackie Robinson,Barry Bonds,Mike Schmidt,Albert Pujols,Sandy Koufax,Roger Clemens,Pedro Martinez,Roberto Clemente,Mike Schmidt,George Brett,Eddie Collins,Pedro Martinez,Pedro Martinez,Pedro Martinez,George Brett,Roger Clemens,Roger Clemens,Roger Clemens,Gary Carter,Roberto Clemente,Mickey Mantle,Randy Johnson,Roger Clemens,Roberto Clemente
Tie (2),,,,,,Al Kaline,Satchel Paige,Mike Piazza,Johnny Bench,Alex Rodriguez,Sandy Koufax,Pete Rose,Greg Maddux,Johnny Bench,Phil Neikro,Barry Bonds,Mike Schmidt,Joe DiMaggio,Oscar Charleston,Roberto Clemente,Paul Molitor,Al Kaline,Al Kaline,Satchel Paige,Al Kaline,Satchel Paige,Pedro Martinez,Lefty Grove,Al Kaline,Satchel Paige,Mickey Mantle,Manny Ramierez,Carlton Fisk,Stan Musial,Mike Schmidt,Joe Morgan,Barry Bonds,Mike Schmidt,Pete Rose,Jackie Robinson,Satchel Paige,Willie Mays,Joe DiMaggio,Pete Alexander,Greg Maddux,Al Kaline,Randy Johnson,Josh Gibson,Duane Kuiper,Bob Feller,Oscar Charleston,Al Kaline,Al Kaline,Stan Musial,George Brett,Cal Ripken,Babe Ruth,Al Kaline,Josh Gibson,Jackie Robinson,Larry Doby,Sandy Koufax,Yogi Berra,Randy Johnson,Lou Gehrig,Duane Kuiper,Duane Kuiper,Mel Ott,Satchel Paige,Carlton Fisk,Roger Clemens,Nap Lajoie,Al Kaline,Ed Delahanty,Pedro Martinez,Bob Feller,Al Kaline,Al Kaline,Al Kaline,Nap Lajoie,Pop Lloyd,Roberto Clemente,Lou Gehrig,Al Kaline,Yogi Berra,Jimmie Foxx,Mike Piazza,Alex Rodriguez,Roberto Clemente,Josh Gibson,Roger Clemens,George Brett,Ralph Kiner,Fergie Jenkins,Barry Bonds,Greg Maddux,Al Kaline,George Brett,Cal Ripken,Cal Ripken,Randy Johnson,Sandy Koufax,Sandy Koufax,Mike Schmidt,Greg Maddux,Greg Maddux,Alex Rodriguez,Mike Piazza,Al Kaline,Willie Mays,Pedro Martinez,Greag Maddux,Al Kaline